<?xml version="1.0" encoding="UTF-8"?>
<scenario xmlns="http://www.omnigroup.com/namespace/OmniPlan/v2" xmlns:opns="http://www.omnigroup.com/namespace/OmniPlan/v2" id="bXQOSWc3yFW">
  <start-date>2024-03-15T21:00:00.000Z</start-date>
  <prototype-task>
    <task id="t-2">
      <title>Task 1</title>
      <effort>28800</effort>
    </task>
  </prototype-task>
  <prototype-task>
    <task id="t-3">
      <title>Milestone 1</title>
      <type>milestone</type>
    </task>
  </prototype-task>
  <prototype-task>
    <task id="t-4">
      <title>Group 1</title>
      <type>group</type>
    </task>
  </prototype-task>
  <prototype-resource>
    <resource id="r-2">
      <name>Resource 1</name>
      <type>Staff</type>
    </resource>
  </prototype-resource>
  <prototype-resource>
    <resource id="r-3">
      <name>Equipment 1</name>
      <type>Equipment</type>
    </resource>
  </prototype-resource>
  <prototype-resource>
    <resource id="r-4">
      <name>Material 1</name>
      <type>Material</type>
      <units-available>0</units-available>
      <efficiency>0</efficiency>
    </resource>
  </prototype-resource>
  <prototype-resource>
    <resource id="r-5">
      <name>Group 1</name>
      <type>Group</type>
    </resource>
  </prototype-resource>
  <top-resource idref="r-1"/>
  <resource id="r-1">
    <name/>
    <type>Group</type>
    <child-resource idref="r12"/>
    <child-resource idref="r192"/>
  </resource>
  <resource id="r12">
    <name>Департамент разработки облачной платформы &apos;SkyNet&apos;</name>
    <type>Group</type>
    <child-resource idref="r25"/>
    <child-resource idref="r26"/>
    <child-resource idref="r27"/>
    <child-resource idref="r28"/>
    <child-resource idref="r29"/>
    <child-resource idref="r30"/>
    <child-resource idref="r31"/>
    <child-resource idref="r32"/>
    <child-resource idref="r33"/>
    <child-resource idref="r34"/>
    <child-resource idref="r35"/>
    <child-resource idref="r36"/>
    <child-resource idref="r37"/>
    <child-resource idref="r71"/>
    <child-resource idref="r39"/>
    <child-resource idref="r40"/>
    <child-resource idref="r41"/>
    <child-resource idref="r42"/>
    <child-resource idref="r43"/>
    <child-resource idref="r44"/>
    <child-resource idref="r45"/>
    <child-resource idref="r46"/>
    <child-resource idref="r47"/>
    <child-resource idref="r82"/>
    <child-resource idref="r83"/>
    <child-resource idref="r84"/>
    <child-resource idref="r48"/>
    <child-resource idref="r49"/>
  </resource>
  <resource id="r25">
    <name>Начальник департамента  &apos;SkyNet&apos;</name>
    <type>Staff</type>
  </resource>
  <resource id="r26">
    <name>Начальник отдела программирования</name>
    <type>Staff</type>
  </resource>
  <resource id="r27">
    <name>Заместитель начальника отдела программирования (сфера разработки)</name>
    <type>Staff</type>
  </resource>
  <resource id="r28">
    <name>Ведущий программист</name>
    <type>Staff</type>
  </resource>
  <resource id="r29">
    <name>Программист</name>
    <type>Staff</type>
  </resource>
  <resource id="r30">
    <name>Начальник отделения проектирования ПО</name>
    <type>Staff</type>
  </resource>
  <resource id="r31">
    <name>Заместитель начальника отделения (сфера проектирования)</name>
    <type>Staff</type>
  </resource>
  <resource id="r32">
    <name>Архитектор ПО</name>
    <type>Staff</type>
  </resource>
  <resource id="r33">
    <name>Системный аналитик</name>
    <type>Staff</type>
  </resource>
  <resource id="r34">
    <name>Дизайнер интерфейсов</name>
    <type>Staff</type>
  </resource>
  <resource id="r35">
    <name>Начальник группы сопровождения</name>
    <type>Staff</type>
  </resource>
  <resource id="r36">
    <name>Заместитель начальника группы сопровождения (сфера сопровождения)</name>
    <type>Staff</type>
  </resource>
  <resource id="r37">
    <name>Специалист по техническому сопровождению</name>
    <type>Staff</type>
  </resource>
  <resource id="r39">
    <name>Начальник группы тестирования</name>
    <type>Staff</type>
  </resource>
  <resource id="r40">
    <name>Заместитель начальника группы тестирования</name>
    <type>Staff</type>
  </resource>
  <resource id="r41">
    <name>Ведущий инженер по тестированию</name>
    <type>Staff</type>
  </resource>
  <resource id="r42">
    <name>Инженеры по тестированию</name>
    <type>Staff</type>
  </resource>
  <resource id="r43">
    <name>Начальник группы анализа требований</name>
    <type>Staff</type>
  </resource>
  <resource id="r44">
    <name>Заместитель начальник группы анализа требований</name>
    <type>Staff</type>
  </resource>
  <resource id="r45">
    <name>Аналитик требований</name>
    <type>Staff</type>
  </resource>
  <resource id="r46">
    <name>Начальник группы документирования</name>
    <type>Staff</type>
  </resource>
  <resource id="r47">
    <name>Заместитель начальник отдела управления проектами</name>
    <type>Staff</type>
  </resource>
  <resource id="r48">
    <name>Руководитель проектов</name>
    <type>Staff</type>
  </resource>
  <resource id="r49">
    <name>Специалисты по управлению проектами</name>
    <type>Staff</type>
  </resource>
  <resource id="r71">
    <name>Специалист по поддержке пользователей</name>
    <type>Staff</type>
  </resource>
  <resource id="r82">
    <name>Технические писатели (документация)</name>
    <type>Staff</type>
  </resource>
  <resource id="r83">
    <name>Начальник отдела управления проектами</name>
    <type>Staff</type>
  </resource>
  <resource id="r84">
    <name>Заместитель начальник отдела управления проектами</name>
    <type>Staff</type>
  </resource>
  <resource id="r192">
    <name>Департамент разработки системы искусственного интеллекта &apos;MindCraft&apos;1</name>
    <type>Group</type>
    <child-resource idref="r315"/>
    <child-resource idref="r316"/>
    <child-resource idref="r317"/>
    <child-resource idref="r318"/>
    <child-resource idref="r319"/>
    <child-resource idref="r320"/>
    <child-resource idref="r321"/>
    <child-resource idref="r322"/>
    <child-resource idref="r323"/>
    <child-resource idref="r324"/>
    <child-resource idref="r325"/>
    <child-resource idref="r326"/>
    <child-resource idref="r327"/>
    <child-resource idref="r339"/>
    <child-resource idref="r328"/>
    <child-resource idref="r329"/>
    <child-resource idref="r330"/>
    <child-resource idref="r331"/>
    <child-resource idref="r332"/>
    <child-resource idref="r333"/>
    <child-resource idref="r334"/>
    <child-resource idref="r335"/>
    <child-resource idref="r336"/>
    <child-resource idref="r340"/>
    <child-resource idref="r341"/>
    <child-resource idref="r342"/>
    <child-resource idref="r337"/>
    <child-resource idref="r338"/>
  </resource>
  <resource id="r315">
    <name>Начальник департамента  &apos;SkyNet&apos;</name>
    <type>Staff</type>
  </resource>
  <resource id="r316">
    <name>Начальник отдела программирования</name>
    <type>Staff</type>
  </resource>
  <resource id="r317">
    <name>Заместитель начальника отдела программирования (сфера разработки)</name>
    <type>Staff</type>
  </resource>
  <resource id="r318">
    <name>Ведущий программист</name>
    <type>Staff</type>
  </resource>
  <resource id="r319">
    <name>Программист</name>
    <type>Staff</type>
  </resource>
  <resource id="r320">
    <name>Начальник отделения проектирования ПО</name>
    <type>Staff</type>
  </resource>
  <resource id="r321">
    <name>Заместитель начальника отделения (сфера проектирования)</name>
    <type>Staff</type>
  </resource>
  <resource id="r322">
    <name>Архитектор ПО</name>
    <type>Staff</type>
  </resource>
  <resource id="r323">
    <name>Системный аналитик</name>
    <type>Staff</type>
  </resource>
  <resource id="r324">
    <name>Дизайнер интерфейсов</name>
    <type>Staff</type>
  </resource>
  <resource id="r325">
    <name>Начальник группы сопровождения</name>
    <type>Staff</type>
  </resource>
  <resource id="r326">
    <name>Заместитель начальника группы сопровождения (сфера сопровождения)</name>
    <type>Staff</type>
  </resource>
  <resource id="r327">
    <name>Специалист по техническому сопровождению</name>
    <type>Staff</type>
  </resource>
  <resource id="r328">
    <name>Начальник группы тестирования</name>
    <type>Staff</type>
  </resource>
  <resource id="r329">
    <name>Заместитель начальника группы тестирования</name>
    <type>Staff</type>
  </resource>
  <resource id="r330">
    <name>Ведущий инженер по тестированию</name>
    <type>Staff</type>
  </resource>
  <resource id="r331">
    <name>Инженеры по тестированию</name>
    <type>Staff</type>
  </resource>
  <resource id="r332">
    <name>Начальник группы анализа требований</name>
    <type>Staff</type>
  </resource>
  <resource id="r333">
    <name>Заместитель начальник группы анализа требований</name>
    <type>Staff</type>
  </resource>
  <resource id="r334">
    <name>Аналитик требований</name>
    <type>Staff</type>
  </resource>
  <resource id="r335">
    <name>Начальник группы документирования</name>
    <type>Staff</type>
  </resource>
  <resource id="r336">
    <name>Заместитель начальник отдела управления проектами</name>
    <type>Staff</type>
  </resource>
  <resource id="r337">
    <name>Руководитель проектов</name>
    <type>Staff</type>
  </resource>
  <resource id="r338">
    <name>Специалисты по управлению проектами</name>
    <type>Staff</type>
  </resource>
  <resource id="r339">
    <name>Специалист по поддержке пользователей</name>
    <type>Staff</type>
  </resource>
  <resource id="r340">
    <name>Технические писатели (документация)</name>
    <type>Staff</type>
  </resource>
  <resource id="r341">
    <name>Начальник отдела управления проектами</name>
    <type>Staff</type>
  </resource>
  <resource id="r342">
    <name>Заместитель начальник отдела управления проектами</name>
    <type>Staff</type>
  </resource>
  <top-task idref="t-1"/>
  <task id="t-1">
    <type>group</type>
    <child-task idref="t185"/>
    <child-task idref="t86"/>
    <child-task idref="t88"/>
    <child-task idref="t89"/>
    <child-task idref="t202"/>
  </task>
  <task id="t86">
    <title>Подготовительное планирование и анализ</title>
    <type>group</type>
    <start-constraint-date>2024-03-28T05:00:00.000Z</start-constraint-date>
    <child-task idref="t87"/>
    <child-task idref="t90"/>
    <child-task idref="t91"/>
    <child-task idref="t92"/>
    <child-task idref="t93"/>
    <prerequisite-task idref="t185"/>
    <start-no-earlier-than>2024-03-28T05:00:00.000Z</start-no-earlier-than>
  </task>
  <task id="t87">
    <title>Анализ требований</title>
    <type>group</type>
    <start-constraint-date>2024-03-28T05:00:00.000Z</start-constraint-date>
    <child-task idref="t108"/>
    <child-task idref="t109"/>
    <child-task idref="t110"/>
    <child-task idref="t111"/>
    <child-task idref="t112"/>
    <child-task idref="t186"/>
    <start-no-earlier-than>2024-03-28T05:00:00.000Z</start-no-earlier-than>
  </task>
  <task id="t88">
    <title>Проектирование и разработка </title>
    <type>group</type>
    <start-constraint-date>2024-12-18T05:00:00.000Z</start-constraint-date>
    <child-task idref="t94"/>
    <child-task idref="t95"/>
    <child-task idref="t96"/>
    <child-task idref="t97"/>
    <child-task idref="t98"/>
    <prerequisite-task idref="t86"/>
    <prerequisite-task idref="t191"/>
    <start-no-earlier-than>2024-12-18T05:00:00.000Z</start-no-earlier-than>
  </task>
  <task id="t89">
    <title>Завершение проекта и поддержка </title>
    <type>group</type>
    <start-constraint-date>2027-02-26T05:00:00.000Z</start-constraint-date>
    <child-task idref="t99"/>
    <child-task idref="t104"/>
    <child-task idref="t105"/>
    <child-task idref="t106"/>
    <child-task idref="t107"/>
    <prerequisite-task idref="t88"/>
    <prerequisite-task idref="t196"/>
    <start-no-earlier-than>2027-02-26T05:00:00.000Z</start-no-earlier-than>
  </task>
  <task id="t90">
    <title>Исследование осуществимости</title>
    <type>group</type>
    <start-constraint-date>2024-05-30T05:00:00.000Z</start-constraint-date>
    <child-task idref="t113"/>
    <child-task idref="t114"/>
    <child-task idref="t115"/>
    <child-task idref="t116"/>
    <child-task idref="t117"/>
    <child-task idref="t187"/>
    <prerequisite-task idref="t87"/>
    <prerequisite-task idref="t186"/>
    <start-no-earlier-than>2024-05-30T05:00:00.000Z</start-no-earlier-than>
  </task>
  <task id="t91">
    <title>Определение первоначальных границ проекта</title>
    <type>group</type>
    <start-constraint-date>2024-06-24T05:00:00.000Z</start-constraint-date>
    <child-task idref="t118"/>
    <child-task idref="t119"/>
    <child-task idref="t120"/>
    <child-task idref="t121"/>
    <child-task idref="t122"/>
    <child-task idref="t188"/>
    <prerequisite-task idref="t90"/>
    <prerequisite-task idref="t187"/>
    <start-no-earlier-than>2024-06-24T05:00:00.000Z</start-no-earlier-than>
  </task>
  <task id="t92">
    <title>Планирование проекта</title>
    <type>group</type>
    <start-constraint-date>2024-07-30T05:00:00.000Z</start-constraint-date>
    <child-task idref="t123"/>
    <child-task idref="t124"/>
    <child-task idref="t125"/>
    <child-task idref="t126"/>
    <child-task idref="t127"/>
    <child-task idref="t190"/>
    <prerequisite-task idref="t91"/>
    <prerequisite-task idref="t188"/>
    <start-no-earlier-than>2024-07-30T05:00:00.000Z</start-no-earlier-than>
  </task>
  <task id="t93">
    <title>Предварительное техническое планирование</title>
    <type>group</type>
    <start-constraint-date>2024-09-27T05:00:00.000Z</start-constraint-date>
    <child-task idref="t128"/>
    <child-task idref="t129"/>
    <child-task idref="t130"/>
    <child-task idref="t131"/>
    <child-task idref="t132"/>
    <child-task idref="t191"/>
    <prerequisite-task idref="t92"/>
    <prerequisite-task idref="t190"/>
    <start-no-earlier-than>2024-09-27T05:00:00.000Z</start-no-earlier-than>
  </task>
  <task id="t94">
    <title>Детальное проектирование</title>
    <type>group</type>
    <start-constraint-date>2024-12-18T05:00:00.000Z</start-constraint-date>
    <child-task idref="t133"/>
    <child-task idref="t134"/>
    <child-task idref="t135"/>
    <child-task idref="t136"/>
    <child-task idref="t137"/>
    <child-task idref="t192"/>
    <start-no-earlier-than>2024-12-18T05:00:00.000Z</start-no-earlier-than>
  </task>
  <task id="t95">
    <title>Разработка и внедрение</title>
    <type>group</type>
    <start-constraint-date>2025-07-11T05:00:00.000Z</start-constraint-date>
    <child-task idref="t138"/>
    <child-task idref="t139"/>
    <child-task idref="t140"/>
    <child-task idref="t141"/>
    <child-task idref="t142"/>
    <child-task idref="t193"/>
    <prerequisite-task idref="t94"/>
    <prerequisite-task idref="t192"/>
    <start-no-earlier-than>2025-07-11T05:00:00.000Z</start-no-earlier-than>
  </task>
  <task id="t96">
    <title>Обеспечение качества и тестирование</title>
    <type>group</type>
    <start-constraint-date>2026-02-16T05:00:00.000Z</start-constraint-date>
    <child-task idref="t143"/>
    <child-task idref="t144"/>
    <child-task idref="t145"/>
    <child-task idref="t146"/>
    <child-task idref="t147"/>
    <child-task idref="t194"/>
    <prerequisite-task idref="t95"/>
    <prerequisite-task idref="t193"/>
    <start-no-earlier-than>2026-02-16T05:00:00.000Z</start-no-earlier-than>
  </task>
  <task id="t97">
    <title>Документация и обучение пользователей</title>
    <type>group</type>
    <start-constraint-date>2026-08-24T05:00:00.000Z</start-constraint-date>
    <child-task idref="t148"/>
    <child-task idref="t149"/>
    <child-task idref="t150"/>
    <child-task idref="t151"/>
    <child-task idref="t152"/>
    <child-task idref="t195"/>
    <prerequisite-task idref="t96"/>
    <prerequisite-task idref="t194"/>
    <start-no-earlier-than>2026-08-24T05:00:00.000Z</start-no-earlier-than>
  </task>
  <task id="t98">
    <title>Планирование развертывания</title>
    <type>group</type>
    <start-constraint-date>2026-12-16T05:00:00.000Z</start-constraint-date>
    <child-task idref="t153"/>
    <child-task idref="t154"/>
    <child-task idref="t155"/>
    <child-task idref="t156"/>
    <child-task idref="t157"/>
    <child-task idref="t196"/>
    <prerequisite-task idref="t97"/>
    <prerequisite-task idref="t195"/>
    <start-no-earlier-than>2026-12-16T05:00:00.000Z</start-no-earlier-than>
  </task>
  <task id="t99">
    <title>Переход к поддержке</title>
    <type>group</type>
    <start-constraint-date>2027-03-01T05:00:00.000Z</start-constraint-date>
    <child-task idref="t158"/>
    <child-task idref="t159"/>
    <child-task idref="t160"/>
    <child-task idref="t161"/>
    <child-task idref="t162"/>
    <child-task idref="t197"/>
    <start-no-earlier-than>2027-03-01T05:00:00.000Z</start-no-earlier-than>
  </task>
  <task id="t104">
    <title>Управление релизами</title>
    <type>group</type>
    <start-constraint-date>2027-05-25T05:00:00.000Z</start-constraint-date>
    <child-task idref="t163"/>
    <child-task idref="t164"/>
    <child-task idref="t165"/>
    <child-task idref="t166"/>
    <child-task idref="t167"/>
    <child-task idref="t198"/>
    <prerequisite-task idref="t99"/>
    <prerequisite-task idref="t197"/>
    <start-no-earlier-than>2027-05-25T05:00:00.000Z</start-no-earlier-than>
  </task>
  <task id="t105">
    <title>Стратегия долгосрочной поддержки</title>
    <type>group</type>
    <start-constraint-date>2027-07-16T05:00:00.000Z</start-constraint-date>
    <child-task idref="t168"/>
    <child-task idref="t169"/>
    <child-task idref="t170"/>
    <child-task idref="t171"/>
    <child-task idref="t172"/>
    <child-task idref="t199"/>
    <prerequisite-task idref="t104"/>
    <prerequisite-task idref="t198"/>
    <start-no-earlier-than>2027-07-16T05:00:00.000Z</start-no-earlier-than>
  </task>
  <task id="t106">
    <title>Оценка проекта и его закрытие</title>
    <type>group</type>
    <start-constraint-date>2027-09-22T05:00:00.000Z</start-constraint-date>
    <child-task idref="t173"/>
    <child-task idref="t174"/>
    <child-task idref="t175"/>
    <child-task idref="t176"/>
    <child-task idref="t177"/>
    <child-task idref="t200"/>
    <prerequisite-task idref="t105"/>
    <prerequisite-task idref="t199"/>
    <start-no-earlier-than>2027-09-22T05:00:00.000Z</start-no-earlier-than>
  </task>
  <task id="t107">
    <title>Планирование устойчивости и развития</title>
    <type>group</type>
    <start-constraint-date>2027-11-19T05:00:00.000Z</start-constraint-date>
    <child-task idref="t178"/>
    <child-task idref="t179"/>
    <child-task idref="t180"/>
    <child-task idref="t181"/>
    <child-task idref="t182"/>
    <child-task idref="t203"/>
    <prerequisite-task idref="t106"/>
    <prerequisite-task idref="t200"/>
    <start-no-earlier-than>2027-11-19T05:00:00.000Z</start-no-earlier-than>
  </task>
  <task id="t108">
    <title>Выявление пользовательских и системных требований </title>
    <effort>288000</effort>
    <start-constraint-date>2024-03-28T05:15:00.000Z</start-constraint-date>
    <start-no-earlier-than>2024-03-28T05:15:00.000Z</start-no-earlier-than>
  </task>
  <task id="t109">
    <title>Приоритизация и классификация требований </title>
    <effort>144000</effort>
    <start-constraint-date>2024-04-11T05:00:00.000Z</start-constraint-date>
    <prerequisite-task idref="t108"/>
    <start-no-earlier-than>2024-04-11T05:00:00.000Z</start-no-earlier-than>
  </task>
  <task id="t110">
    <title>Проверка достоверности требований </title>
    <effort>144000</effort>
    <start-constraint-date>2024-04-18T05:00:00.000Z</start-constraint-date>
    <prerequisite-task idref="t109"/>
    <start-no-earlier-than>2024-04-18T05:00:00.000Z</start-no-earlier-than>
  </task>
  <task id="t111">
    <title>Документирование спецификаций требований </title>
    <effort>288000</effort>
    <start-constraint-date>2024-04-25T05:00:00.000Z</start-constraint-date>
    <prerequisite-task idref="t110"/>
    <start-no-earlier-than>2024-04-25T05:00:00.000Z</start-no-earlier-than>
  </task>
  <task id="t112">
    <title>Утверждение комитетом по управлению проектом </title>
    <effort>432000</effort>
    <start-constraint-date>2024-05-09T05:00:00.000Z</start-constraint-date>
    <prerequisite-task idref="t111"/>
    <start-no-earlier-than>2024-05-09T05:00:00.000Z</start-no-earlier-than>
  </task>
  <task id="t113">
    <title>Оценка технической осуществимости </title>
    <effort>86400</effort>
    <start-constraint-date>2024-05-30T07:00:00.000Z</start-constraint-date>
    <start-no-earlier-than>2024-05-30T07:00:00.000Z</start-no-earlier-than>
  </task>
  <task id="t114">
    <title>Экономический анализ (анализ затрат и выгод)</title>
    <effort>86400</effort>
    <start-constraint-date>2024-06-04T07:00:00.000Z</start-constraint-date>
    <prerequisite-task idref="t113"/>
    <start-no-earlier-than>2024-06-04T07:00:00.000Z</start-no-earlier-than>
  </task>
  <task id="t115">
    <title>Рассмотрение юридической и операционной осуществимости </title>
    <effort>86400</effort>
    <start-constraint-date>2024-06-07T07:00:00.000Z</start-constraint-date>
    <prerequisite-task idref="t114"/>
    <start-no-earlier-than>2024-06-07T07:00:00.000Z</start-no-earlier-than>
  </task>
  <task id="t116">
    <title>Анализ рисков и планирование управления ими </title>
    <effort>86400</effort>
    <start-constraint-date>2024-06-12T07:00:00.000Z</start-constraint-date>
    <prerequisite-task idref="t115"/>
    <start-no-earlier-than>2024-06-12T07:00:00.000Z</start-no-earlier-than>
  </task>
  <task id="t117">
    <title>Создание и утверждение отчёта по осуществимости </title>
    <effort>144000</effort>
    <start-constraint-date>2024-06-17T07:00:00.000Z</start-constraint-date>
    <prerequisite-task idref="t116"/>
    <start-no-earlier-than>2024-06-17T07:00:00.000Z</start-no-earlier-than>
  </task>
  <task id="t118">
    <title>Определение границ проекта </title>
    <effort>144000</effort>
    <start-constraint-date>2024-06-24T05:00:00.000Z</start-constraint-date>
    <start-no-earlier-than>2024-06-24T05:00:00.000Z</start-no-earlier-than>
  </task>
  <task id="t119">
    <title>Разработка целей проекта </title>
    <effort>288000</effort>
    <start-constraint-date>2024-07-01T05:00:00.000Z</start-constraint-date>
    <prerequisite-task idref="t118"/>
    <start-no-earlier-than>2024-07-01T05:00:00.000Z</start-no-earlier-than>
  </task>
  <task id="t120">
    <title>Идентификация результатов проекта </title>
    <effort>86400</effort>
    <start-constraint-date>2024-07-15T05:00:00.000Z</start-constraint-date>
    <prerequisite-task idref="t119"/>
    <start-no-earlier-than>2024-07-15T05:00:00.000Z</start-no-earlier-than>
  </task>
  <task id="t121">
    <title>Создание структуры разбивки работ (СРР)</title>
    <effort>86400</effort>
    <start-constraint-date>2024-07-18T05:00:00.000Z</start-constraint-date>
    <prerequisite-task idref="t120"/>
    <start-no-earlier-than>2024-07-18T05:00:00.000Z</start-no-earlier-than>
  </task>
  <task id="t122">
    <title>Установка и управление базовым уровнем содержания проекта </title>
    <effort>144000</effort>
    <start-constraint-date>2024-07-23T05:00:00.000Z</start-constraint-date>
    <prerequisite-task idref="t121"/>
    <start-no-earlier-than>2024-07-23T05:00:00.000Z</start-no-earlier-than>
  </task>
  <task id="t123">
    <title>Определение фаз проекта и ключевых точек </title>
    <effort>288000</effort>
    <start-constraint-date>2024-07-30T05:00:00.000Z</start-constraint-date>
    <start-no-earlier-than>2024-07-30T05:00:00.000Z</start-no-earlier-than>
  </task>
  <task id="t124">
    <title>Разработка первоначального временного графика проекта </title>
    <effort>288000</effort>
    <start-constraint-date>2024-08-13T05:00:00.000Z</start-constraint-date>
    <prerequisite-task idref="t123"/>
    <start-no-earlier-than>2024-08-13T05:00:00.000Z</start-no-earlier-than>
  </task>
  <task id="t125">
    <title>Распределение ресурсов и бюджета </title>
    <effort>432000</effort>
    <start-constraint-date>2024-08-27T05:00:00.000Z</start-constraint-date>
    <prerequisite-task idref="t124"/>
    <start-no-earlier-than>2024-08-27T05:00:00.000Z</start-no-earlier-than>
  </task>
  <task id="t126">
    <title>Установка плана коммуникаций </title>
    <effort>86400</effort>
    <start-constraint-date>2024-09-17T05:00:00.000Z</start-constraint-date>
    <prerequisite-task idref="t125"/>
    <start-no-earlier-than>2024-09-17T05:00:00.000Z</start-no-earlier-than>
  </task>
  <task id="t127">
    <title>Внедрение инструментов планирования проекта </title>
    <effort>144000</effort>
    <start-constraint-date>2024-09-20T05:00:00.000Z</start-constraint-date>
    <prerequisite-task idref="t126"/>
    <start-no-earlier-than>2024-09-20T05:00:00.000Z</start-no-earlier-than>
  </task>
  <task id="t128">
    <title>Выбор технологического стека </title>
    <effort>288000</effort>
    <start-constraint-date>2024-09-30T05:00:00.000Z</start-constraint-date>
    <start-no-earlier-than>2024-09-30T05:00:00.000Z</start-no-earlier-than>
  </task>
  <task id="t129">
    <title>Начальное проектирование архитектуры </title>
    <effort>576000</effort>
    <start-constraint-date>2024-10-14T05:00:00.000Z</start-constraint-date>
    <prerequisite-task idref="t128"/>
    <start-no-earlier-than>2024-10-14T05:00:00.000Z</start-no-earlier-than>
  </task>
  <task id="t130">
    <title>Выбор методологий разработки (Agile, Waterfall)</title>
    <effort>86400</effort>
    <start-constraint-date>2024-11-11T05:00:00.000Z</start-constraint-date>
    <prerequisite-task idref="t129"/>
    <start-no-earlier-than>2024-11-11T05:00:00.000Z</start-no-earlier-than>
  </task>
  <task id="t131">
    <title>Проверка соответствия и регулирование </title>
    <effort>86400</effort>
    <start-constraint-date>2024-11-14T05:00:00.000Z</start-constraint-date>
    <prerequisite-task idref="t130"/>
    <start-no-earlier-than>2024-11-14T05:00:00.000Z</start-no-earlier-than>
  </task>
  <task id="t132">
    <title>Подготовка и обзор предварительного проектного документа </title>
    <effort>576000</effort>
    <start-constraint-date>2024-11-19T05:00:00.000Z</start-constraint-date>
    <prerequisite-task idref="t131"/>
    <start-no-earlier-than>2024-11-19T05:00:00.000Z</start-no-earlier-than>
  </task>
  <task id="t133">
    <title>Разработка архитектуры ПО </title>
    <effort>1296000</effort>
    <start-constraint-date>2024-12-19T05:00:00.000Z</start-constraint-date>
    <start-no-earlier-than>2024-12-19T05:00:00.000Z</start-no-earlier-than>
  </task>
  <task id="t134">
    <title>Дизайн интерфейса и создание прототипов </title>
    <effort>720000</effort>
    <start-constraint-date>2025-02-20T05:00:00.000Z</start-constraint-date>
    <prerequisite-task idref="t133"/>
    <start-no-earlier-than>2025-02-20T05:00:00.000Z</start-no-earlier-than>
  </task>
  <task id="t135">
    <title>Создание подробных технических спецификаций </title>
    <effort>576000</effort>
    <start-constraint-date>2025-03-27T05:00:00.000Z</start-constraint-date>
    <prerequisite-task idref="t134"/>
    <start-no-earlier-than>2025-03-27T05:00:00.000Z</start-no-earlier-than>
  </task>
  <task id="t136">
    <title>Проверка безопасности и соответствия стандартам </title>
    <effort>720000</effort>
    <start-constraint-date>2025-04-24T05:00:00.000Z</start-constraint-date>
    <prerequisite-task idref="t135"/>
    <start-no-earlier-than>2025-04-24T05:00:00.000Z</start-no-earlier-than>
  </task>
  <task id="t137">
    <title>Проверка дизайна и обзор заинтересованными сторонами </title>
    <effort>864000</effort>
    <start-constraint-date>2025-05-29T05:00:00.000Z</start-constraint-date>
    <prerequisite-task idref="t136"/>
    <start-no-earlier-than>2025-05-29T05:00:00.000Z</start-no-earlier-than>
  </task>
  <task id="t138">
    <title>Настройка среды разработки и системы контроля версий </title>
    <effort>432000</effort>
    <start-constraint-date>2025-07-11T05:00:00.000Z</start-constraint-date>
    <start-no-earlier-than>2025-07-11T05:00:00.000Z</start-no-earlier-than>
  </task>
  <task id="t139">
    <title>Кодирование и реализация функций </title>
    <effort>1440000</effort>
    <start-constraint-date>2025-08-01T05:00:00.000Z</start-constraint-date>
    <prerequisite-task idref="t138"/>
    <start-no-earlier-than>2025-08-01T05:00:00.000Z</start-no-earlier-than>
  </task>
  <task id="t140">
    <title>Настройка непрерывной интеграции и развертывания </title>
    <effort>864000</effort>
    <start-constraint-date>2025-10-10T05:00:00.000Z</start-constraint-date>
    <prerequisite-task idref="t139"/>
    <start-no-earlier-than>2025-10-10T05:00:00.000Z</start-no-earlier-than>
  </task>
  <task id="t141">
    <title>Рецензирование и анализ кода </title>
    <effort>864000</effort>
    <start-constraint-date>2025-11-21T05:00:00.000Z</start-constraint-date>
    <prerequisite-task idref="t140"/>
    <start-no-earlier-than>2025-11-21T05:00:00.000Z</start-no-earlier-than>
  </task>
  <task id="t142">
    <title>Документирование процессов разработки </title>
    <effort>864000</effort>
    <start-constraint-date>2026-01-02T05:00:00.000Z</start-constraint-date>
    <prerequisite-task idref="t141"/>
    <start-no-earlier-than>2026-01-02T05:00:00.000Z</start-no-earlier-than>
  </task>
  <task id="t143">
    <title>Разработка планов и сценариев тестирования </title>
    <effort>288000</effort>
    <start-constraint-date>2026-02-17T05:00:00.000Z</start-constraint-date>
    <start-no-earlier-than>2026-02-17T05:00:00.000Z</start-no-earlier-than>
  </task>
  <task id="t144">
    <title>Выполнение модульного, интеграционного и системного тестирования </title>
    <effort>1008000</effort>
    <start-constraint-date>2026-03-03T05:00:00.000Z</start-constraint-date>
    <prerequisite-task idref="t143"/>
    <start-no-earlier-than>2026-03-03T05:00:00.000Z</start-no-earlier-than>
  </task>
  <task id="t145">
    <title>Тестирование производительности и оптимизация </title>
    <effort>864000</effort>
    <start-constraint-date>2026-04-21T05:00:00.000Z</start-constraint-date>
    <prerequisite-task idref="t144"/>
    <start-no-earlier-than>2026-04-21T05:00:00.000Z</start-no-earlier-than>
  </task>
  <task id="t146">
    <title>Оценка уязвимостей безопасности и устранение недостатков </title>
    <effort>1152000</effort>
    <start-constraint-date>2026-06-02T05:00:00.000Z</start-constraint-date>
    <prerequisite-task idref="t145"/>
    <start-no-earlier-than>2026-06-02T05:00:00.000Z</start-no-earlier-than>
  </task>
  <task id="t147">
    <title>Координация приёмочного тестирования пользователей </title>
    <effort>576000</effort>
    <start-constraint-date>2026-07-28T05:00:00.000Z</start-constraint-date>
    <prerequisite-task idref="t146"/>
    <start-no-earlier-than>2026-07-28T05:00:00.000Z</start-no-earlier-than>
  </task>
  <task id="t148">
    <title>Создание руководств пользователя и справочных материалов </title>
    <effort>432000</effort>
    <start-constraint-date>2026-08-26T05:00:00.000Z</start-constraint-date>
    <start-no-earlier-than>2026-08-26T05:00:00.000Z</start-no-earlier-than>
  </task>
  <task id="t149">
    <title>Разработка учебных материалов и туториалов </title>
    <effort>432000</effort>
    <start-constraint-date>2026-09-16T05:00:00.000Z</start-constraint-date>
    <prerequisite-task idref="t148"/>
    <start-no-earlier-than>2026-09-16T05:00:00.000Z</start-no-earlier-than>
  </task>
  <task id="t150">
    <title>Проведение обучающих сессий для пользователей </title>
    <effort>288000</effort>
    <start-constraint-date>2026-10-07T05:00:00.000Z</start-constraint-date>
    <prerequisite-task idref="t149"/>
    <start-no-earlier-than>2026-10-07T05:00:00.000Z</start-no-earlier-than>
  </task>
  <task id="t151">
    <title>Настройка службы поддержки и каналов помощи </title>
    <effort>432000</effort>
    <start-constraint-date>2026-10-21T05:00:00.000Z</start-constraint-date>
    <prerequisite-task idref="t150"/>
    <start-no-earlier-than>2026-10-21T05:00:00.000Z</start-no-earlier-than>
  </task>
  <task id="t152">
    <title>Сбор и внедрение обратной связи от пользователей </title>
    <effort>720000</effort>
    <start-constraint-date>2026-11-11T05:00:00.000Z</start-constraint-date>
    <prerequisite-task idref="t151"/>
    <start-no-earlier-than>2026-11-11T05:00:00.000Z</start-no-earlier-than>
  </task>
  <task id="t153">
    <title>Планирование циклов выпуска и стратегий развертывания </title>
    <effort>144000</effort>
    <start-constraint-date>2026-12-17T05:00:00.000Z</start-constraint-date>
    <start-no-earlier-than>2026-12-17T05:00:00.000Z</start-no-earlier-than>
  </task>
  <task id="t154">
    <title>Подготовка среды для стейджинга и продакшена </title>
    <effort>432000</effort>
    <start-constraint-date>2026-12-24T05:00:00.000Z</start-constraint-date>
    <prerequisite-task idref="t153"/>
    <start-no-earlier-than>2026-12-24T05:00:00.000Z</start-no-earlier-than>
  </task>
  <task id="t155">
    <title>Стратегии миграции данных и резервного копирования </title>
    <effort>432000</effort>
    <start-constraint-date>2027-01-14T05:00:00.000Z</start-constraint-date>
    <prerequisite-task idref="t154"/>
    <start-no-earlier-than>2027-01-14T05:00:00.000Z</start-no-earlier-than>
  </task>
  <task id="t156">
    <title>Подготовка чек-листа запуска и подготовка к запуску </title>
    <effort>288000</effort>
    <start-constraint-date>2027-02-04T05:00:00.000Z</start-constraint-date>
    <prerequisite-task idref="t155"/>
    <start-no-earlier-than>2027-02-04T05:00:00.000Z</start-no-earlier-than>
  </task>
  <task id="t157">
    <title>Планирование послерелизной поддержки </title>
    <effort>144000</effort>
    <start-constraint-date>2027-02-18T05:00:00.000Z</start-constraint-date>
    <prerequisite-task idref="t156"/>
    <start-no-earlier-than>2027-02-18T05:00:00.000Z</start-no-earlier-than>
  </task>
  <task id="t158">
    <title>Финальный аудит системы и обзор производительности </title>
    <effort>432000</effort>
    <start-constraint-date>2027-03-01T05:00:00.000Z</start-constraint-date>
    <start-no-earlier-than>2027-03-01T05:00:00.000Z</start-no-earlier-than>
  </task>
  <task id="t159">
    <title>Передача артефактов проекта команде поддержки </title>
    <effort>144000</effort>
    <start-constraint-date>2027-03-22T05:00:00.000Z</start-constraint-date>
    <prerequisite-task idref="t158"/>
    <start-no-earlier-than>2027-03-22T05:00:00.000Z</start-no-earlier-than>
  </task>
  <task id="t160">
    <title>Завершение соглашений о поддержке и SLA </title>
    <effort>288000</effort>
    <start-constraint-date>2027-03-29T05:00:00.000Z</start-constraint-date>
    <prerequisite-task idref="t159"/>
    <start-no-earlier-than>2027-03-29T05:00:00.000Z</start-no-earlier-than>
  </task>
  <task id="t161">
    <title>Передача знаний и сессии документирования </title>
    <effort>576000</effort>
    <start-constraint-date>2027-04-12T05:00:00.000Z</start-constraint-date>
    <prerequisite-task idref="t160"/>
    <start-no-earlier-than>2027-04-12T05:00:00.000Z</start-no-earlier-than>
  </task>
  <task id="t162">
    <title>Заключительные собрания и ретроспектива проекта </title>
    <effort>288000</effort>
    <start-constraint-date>2027-05-10T05:00:00.000Z</start-constraint-date>
    <prerequisite-task idref="t161"/>
    <start-no-earlier-than>2027-05-10T05:00:00.000Z</start-no-earlier-than>
  </task>
  <task id="t163">
    <title>Управление примечаниями к выпуску и документацией версий </title>
    <effort>86400</effort>
    <start-constraint-date>2027-05-25T05:00:00.000Z</start-constraint-date>
    <start-no-earlier-than>2027-05-25T05:00:00.000Z</start-no-earlier-than>
  </task>
  <task id="t164">
    <title>Координация обновлений ПО и патчей </title>
    <effort>144000</effort>
    <start-constraint-date>2027-05-28T05:00:00.000Z</start-constraint-date>
    <prerequisite-task idref="t163"/>
    <start-no-earlier-than>2027-05-28T05:00:00.000Z</start-no-earlier-than>
  </task>
  <task id="t165">
    <title>Мониторинг производительности системы после выпуска </title>
    <effort>288000</effort>
    <start-constraint-date>2027-06-04T05:00:00.000Z</start-constraint-date>
    <prerequisite-task idref="t164"/>
    <start-no-earlier-than>2027-06-04T05:00:00.000Z</start-no-earlier-than>
  </task>
  <task id="t166">
    <title>Коммуникация с заинтересованными сторонами о текущих выпусках</title>
    <effort>432000</effort>
    <start-constraint-date>2027-06-18T05:00:00.000Z</start-constraint-date>
    <prerequisite-task idref="t165"/>
    <start-no-earlier-than>2027-06-18T05:00:00.000Z</start-no-earlier-than>
  </task>
  <task id="t167">
    <title>Сбор отзывов и их учет в дальнейшем планировании </title>
    <effort>144000</effort>
    <start-constraint-date>2027-07-09T05:00:00.000Z</start-constraint-date>
    <prerequisite-task idref="t166"/>
    <start-no-earlier-than>2027-07-09T05:00:00.000Z</start-no-earlier-than>
  </task>
  <task id="t168">
    <title>Разработка дорожной карты поддержки и технического обслуживания </title>
    <effort>288000</effort>
    <start-constraint-date>2027-07-16T05:00:00.000Z</start-constraint-date>
    <start-no-earlier-than>2027-07-16T05:00:00.000Z</start-no-earlier-than>
  </task>
  <task id="t169">
    <title>Создание службы помощи и процедур устранения неисправностей </title>
    <effort>432000</effort>
    <start-constraint-date>2027-07-30T05:00:00.000Z</start-constraint-date>
    <prerequisite-task idref="t168"/>
    <start-no-earlier-than>2027-07-30T05:00:00.000Z</start-no-earlier-than>
  </task>
  <task id="t170">
    <title>Внедрение процесса непрерывного улучшения </title>
    <effort>432000</effort>
    <start-constraint-date>2027-08-20T05:00:00.000Z</start-constraint-date>
    <prerequisite-task idref="t169"/>
    <start-no-earlier-than>2027-08-20T05:00:00.000Z</start-no-earlier-than>
  </task>
  <task id="t171">
    <title>Взаимодействие с пользовательским сообществом </title>
    <effort>86400</effort>
    <start-constraint-date>2027-09-10T05:00:00.000Z</start-constraint-date>
    <prerequisite-task idref="t170"/>
    <start-no-earlier-than>2027-09-10T05:00:00.000Z</start-no-earlier-than>
  </task>
  <task id="t172">
    <title>Стратегии управления рисками на долгосрочный период </title>
    <effort>144000</effort>
    <start-constraint-date>2027-09-15T05:00:00.000Z</start-constraint-date>
    <prerequisite-task idref="t171"/>
    <start-no-earlier-than>2027-09-15T05:00:00.000Z</start-no-earlier-than>
  </task>
  <task id="t173">
    <title>Сбор проектной документации и подготовка окончательного отчета </title>
    <effort>720000</effort>
    <start-constraint-date>2027-09-21T05:00:00.000Z</start-constraint-date>
    <start-no-earlier-than>2027-09-21T05:00:00.000Z</start-no-earlier-than>
  </task>
  <task id="t174">
    <title>Проведение послепроектного обзора </title>
    <effort>288000</effort>
    <start-constraint-date>2027-10-26T05:00:00.000Z</start-constraint-date>
    <prerequisite-task idref="t173"/>
    <start-no-earlier-than>2027-10-26T05:00:00.000Z</start-no-earlier-than>
  </task>
  <task id="t175">
    <title>Освобождение ресурсов и персонала проекта </title>
    <effort>144000</effort>
    <start-constraint-date>2027-11-09T05:00:00.000Z</start-constraint-date>
    <prerequisite-task idref="t174"/>
    <start-no-earlier-than>2027-11-09T05:00:00.000Z</start-no-earlier-than>
  </task>
  <task id="t176">
    <title>Празднование достижений и признание заслуг команды </title>
    <effort>28800</effort>
    <start-constraint-date>2027-11-16T05:00:00.000Z</start-constraint-date>
    <prerequisite-task idref="t175"/>
    <start-no-earlier-than>2027-11-16T05:00:00.000Z</start-no-earlier-than>
  </task>
  <task id="t177">
    <title>Официальное закрытие проекта и процедуры архивирования </title>
    <effort>28800</effort>
    <start-constraint-date>2027-11-17T05:00:00.000Z</start-constraint-date>
    <prerequisite-task idref="t176"/>
    <start-no-earlier-than>2027-11-17T05:00:00.000Z</start-no-earlier-than>
  </task>
  <task id="t178">
    <title>Планирование будущих обновлений и эволюции системы </title>
    <effort>288000</effort>
    <start-constraint-date>2027-11-22T05:00:00.000Z</start-constraint-date>
    <start-no-earlier-than>2027-11-22T05:00:00.000Z</start-no-earlier-than>
  </task>
  <task id="t179">
    <title>Оценка новых технологий и тенденций рынка </title>
    <effort>144000</effort>
    <start-constraint-date>2027-12-06T05:00:00.000Z</start-constraint-date>
    <prerequisite-task idref="t178"/>
    <start-no-earlier-than>2027-12-06T05:00:00.000Z</start-no-earlier-than>
  </task>
  <task id="t180">
    <title>Оценка воздействия на устойчивость </title>
    <effort>144000</effort>
    <start-constraint-date>2027-12-13T05:00:00.000Z</start-constraint-date>
    <prerequisite-task idref="t179"/>
    <start-no-earlier-than>2027-12-13T05:00:00.000Z</start-no-earlier-than>
  </task>
  <task id="t181">
    <title>Создание плана непрерывной деятельности </title>
    <effort>144000</effort>
    <start-constraint-date>2027-12-20T05:00:00.000Z</start-constraint-date>
    <prerequisite-task idref="t180"/>
    <start-no-earlier-than>2027-12-20T05:00:00.000Z</start-no-earlier-than>
  </task>
  <task id="t182">
    <title>Вовлечение заинтересованных сторон в будущие проектные возможности.</title>
    <effort>288000</effort>
    <start-constraint-date>2027-12-27T05:00:00.000Z</start-constraint-date>
    <prerequisite-task idref="t181"/>
    <start-no-earlier-than>2027-12-27T05:00:00.000Z</start-no-earlier-than>
  </task>
  <task id="t185">
    <title>Начало проекта</title>
    <type>milestone</type>
    <start-constraint-date>2024-03-28T05:00:00.000Z</start-constraint-date>
    <start-no-earlier-than>2024-03-28T05:00:00.000Z</start-no-earlier-than>
  </task>
  <task id="t186">
    <title>Завершение анализа</title>
    <type>milestone</type>
    <start-constraint-date>2024-05-30T05:00:00.000Z</start-constraint-date>
    <prerequisite-task idref="t112"/>
    <start-no-earlier-than>2024-05-30T05:00:00.000Z</start-no-earlier-than>
  </task>
  <task id="t187">
    <title>Завершение исследования осуществимости</title>
    <type>milestone</type>
    <start-constraint-date>2024-06-25T05:00:00.000Z</start-constraint-date>
    <prerequisite-task idref="t117"/>
    <start-no-earlier-than>2024-06-25T05:00:00.000Z</start-no-earlier-than>
  </task>
  <task id="t188">
    <title>Завершение определения первоначальных границ проекта </title>
    <type>milestone</type>
    <start-constraint-date>2024-07-30T05:00:00.000Z</start-constraint-date>
    <prerequisite-task idref="t122"/>
    <start-no-earlier-than>2024-07-30T05:00:00.000Z</start-no-earlier-than>
  </task>
  <task id="t190">
    <title>Завершение планирования проекта</title>
    <type>milestone</type>
    <start-constraint-date>2024-09-27T05:00:00.000Z</start-constraint-date>
    <prerequisite-task idref="t127"/>
    <start-no-earlier-than>2024-09-27T05:00:00.000Z</start-no-earlier-than>
  </task>
  <task id="t191">
    <title>Завершение предварительного технического планирования</title>
    <type>milestone</type>
    <start-constraint-date>2024-12-16T05:00:00.000Z</start-constraint-date>
    <prerequisite-task idref="t132"/>
    <start-no-earlier-than>2024-12-16T05:00:00.000Z</start-no-earlier-than>
  </task>
  <task id="t192">
    <title>Завершение детального проектирования</title>
    <type>milestone</type>
    <start-constraint-date>2025-07-09T05:00:00.000Z</start-constraint-date>
    <prerequisite-task idref="t137"/>
    <start-no-earlier-than>2025-07-09T05:00:00.000Z</start-no-earlier-than>
  </task>
  <task id="t193">
    <title>Завершение разработки и внедрения</title>
    <type>milestone</type>
    <start-constraint-date>2026-02-11T05:00:00.000Z</start-constraint-date>
    <prerequisite-task idref="t142"/>
    <start-no-earlier-than>2026-02-11T05:00:00.000Z</start-no-earlier-than>
  </task>
  <task id="t194">
    <title>Завершение обеспечения качества и тестирования </title>
    <type>milestone</type>
    <start-constraint-date>2026-08-21T05:00:00.000Z</start-constraint-date>
    <prerequisite-task idref="t147"/>
    <start-no-earlier-than>2026-08-21T05:00:00.000Z</start-no-earlier-than>
  </task>
  <task id="t195">
    <title>Завершение документации и обучения пользователей </title>
    <type>milestone</type>
    <start-constraint-date>2026-12-11T05:00:00.000Z</start-constraint-date>
    <prerequisite-task idref="t152"/>
    <start-no-earlier-than>2026-12-11T05:00:00.000Z</start-no-earlier-than>
  </task>
  <task id="t196">
    <title>Завершение планирования развертывания</title>
    <type>milestone</type>
    <start-constraint-date>2027-02-23T05:00:00.000Z</start-constraint-date>
    <prerequisite-task idref="t157"/>
    <start-no-earlier-than>2027-02-23T05:00:00.000Z</start-no-earlier-than>
  </task>
  <task id="t197">
    <title>Завершение проектирования поддержи </title>
    <type>milestone</type>
    <start-constraint-date>2027-05-21T05:00:00.000Z</start-constraint-date>
    <prerequisite-task idref="t162"/>
    <start-no-earlier-than>2027-05-21T05:00:00.000Z</start-no-earlier-than>
  </task>
  <task id="t198">
    <title>Завершение управления релизами</title>
    <type>milestone</type>
    <start-constraint-date>2027-07-12T05:00:00.000Z</start-constraint-date>
    <prerequisite-task idref="t167"/>
    <start-no-earlier-than>2027-07-12T05:00:00.000Z</start-no-earlier-than>
  </task>
  <task id="t199">
    <title>Завершение проектирования стратегий долгосрочной поддержки</title>
    <type>milestone</type>
    <start-constraint-date>2027-09-21T05:00:00.000Z</start-constraint-date>
    <prerequisite-task idref="t172"/>
    <start-no-earlier-than>2027-09-21T05:00:00.000Z</start-no-earlier-than>
  </task>
  <task id="t200">
    <title>Завершение этапа закрытия проекта </title>
    <type>milestone</type>
    <start-constraint-date>2027-11-19T05:00:00.000Z</start-constraint-date>
    <prerequisite-task idref="t177"/>
    <start-no-earlier-than>2027-11-19T05:00:00.000Z</start-no-earlier-than>
  </task>
  <task id="t202">
    <title>Завершение проекта</title>
    <type>milestone</type>
    <start-constraint-date>2028-01-19T05:00:00.000Z</start-constraint-date>
    <prerequisite-task idref="t89"/>
    <start-no-earlier-than>2028-01-19T05:00:00.000Z</start-no-earlier-than>
  </task>
  <task id="t203">
    <title>Завершение планирования устойчивости развития</title>
    <type>milestone</type>
    <start-constraint-date>2028-01-07T05:00:00.000Z</start-constraint-date>
    <prerequisite-task idref="t182"/>
    <start-no-earlier-than>2028-01-07T05:00:00.000Z</start-no-earlier-than>
  </task>
  <critical-path root="-1" enabled="false" resources="false">
    <color space="srgb" r="1" g="0.5" b="0.5"/>
  </critical-path>
</scenario>
