<?xml version="1.0" encoding="UTF-8"?>
<changelog xmlns="http://www.omnigroup.com/namespace/OmniPlan/v2">
  <version>2.1</version>
  <task-change-set user="Андрей Захаров" date="2024-03-16T13:19:44.338Z" timestamp="2024-03-16T13:19:44.338Z">
    <change idref="t1" from="t-1" from-position="0" resolved="yes">
      <change idref="t1" attribute="title" type="string" to="Task 1"/>
    </change>
  </task-change-set>
  <task-change-set user="Андрей Захаров" date="2024-03-16T13:43:28.310Z" timestamp="2024-03-16T13:43:28.310Z">
    <change idref="t15" to="t-1" to-position="0" resolved="yes">
      <change idref="t15" attribute="isGroup" type="real" from="0" to="1"/>
      <change idref="t15" attribute="taskType" type="real" from="0" to="2"/>
      <change idref="t15" attribute="title" type="string" to="Техническое задание"/>
    </change>
    <change idref="t21" to="t18" to-position="0" resolved="yes">
      <change idref="t21" attribute="title" type="string" to="Постановка задачи"/>
    </change>
    <change idref="t22" to="t18" to-position="1" resolved="yes">
      <change idref="t22" attribute="noEarlierThanConstraintDate" type="date" to="2024-03-19T05:15:00.000Z"/>
      <change idref="t22" attribute="title" type="string" to="Сбор исходных материалов"/>
    </change>
    <change idref="t23" to="t18" to-position="2" resolved="yes">
      <change idref="t23" attribute="noEarlierThanConstraintDate" type="date" to="2024-03-20T05:15:00.000Z"/>
      <change idref="t23" attribute="title" type="string" to="Выбор и обоснование критериев эффективности и качества разрабатываемой системы"/>
    </change>
    <change idref="t24" to="t18" to-position="3" resolved="yes">
      <change idref="t24" attribute="noEarlierThanConstraintDate" type="date" to="2024-03-21T05:15:00.000Z"/>
      <change idref="t24" attribute="title" type="string" to="Обоснование необходимости проведения научно-исследовательских работ"/>
    </change>
    <change idref="t18" to="t15" to-position="0" resolved="yes">
      <change idref="t18" attribute="isGroup" type="real" from="0" to="1"/>
      <change idref="t18" attribute="taskType" type="real" from="0" to="2"/>
      <change idref="t18" attribute="title" type="string" to="Обоснование необходимости разработки программы"/>
    </change>
    <change idref="t19" to="t15" to-position="1" resolved="yes">
      <change idref="t19" attribute="noEarlierThanConstraintDate" type="date" to="2024-03-22T06:00:00.000Z"/>
      <change idref="t19" attribute="title" type="string" to="Научно-исследовательские работы"/>
    </change>
    <change idref="t20" to="t15" to-position="2" resolved="yes">
      <change idref="t20" attribute="noEarlierThanConstraintDate" type="date" to="2024-03-25T06:00:00.000Z"/>
      <change idref="t20" attribute="title" type="string" to="Разработка и утверждение технического задания"/>
    </change>
  </task-change-set>
  <task-change-set user="Андрей Захаров" date="2024-03-16T13:54:40.436Z" timestamp="2024-03-16T13:54:40.436Z">
    <change idref="t19" attribute="isGroup" type="real" from="0" to="1" resolved="yes"/>
    <change idref="t19" attribute="multiResourceWorkType" type="real" from="0" resolved="yes"/>
    <change idref="t19" attribute="isSplittableTask" type="real" from="1" resolved="yes"/>
    <change idref="t19" attribute="taskType" type="real" from="0" to="2" resolved="yes"/>
    <change idref="t19" attribute="resourceAssignmentType" type="real" from="0" resolved="yes"/>
    <change idref="t19" attribute="staticCost" type="real" from="0" resolved="yes"/>
    <change idref="t19" attribute="effort" type="real" from="28800" resolved="yes"/>
    <change idref="t19" attribute="isSplitChunk" type="real" from="0" resolved="yes"/>
    <change idref="t19" attribute="scheduleType" type="real" from="0" resolved="yes"/>
    <change idref="t19" attribute="noEarlierThanConstraintDate" type="date" from="2024-03-22T06:00:00.000Z" to="2024-03-22T05:00:00.000Z" resolved="yes"/>
    <change idref="t19" attribute="internalAssignments" type="string" from="" resolved="yes"/>
    <change idref="t19" attribute="isSplitTask" type="real" from="0" resolved="yes"/>
    <change idref="t19" attribute="internalEffortDone" type="real" from="0" resolved="yes"/>
    <change idref="t25" to="t19" to-position="0" resolved="yes">
      <change idref="t25" attribute="noLaterThanConstrainedTaskEnd" type="real" from="1" to="0"/>
      <change idref="t25" attribute="title" type="string" to="Определение структуры входных и выходных данных"/>
    </change>
    <change idref="t26" to="t19" to-position="1" resolved="yes">
      <change idref="t26" attribute="noEarlierThanConstraintDate" type="date" to="2024-03-25T05:00:00.000Z"/>
      <change idref="t26" attribute="title" type="string" to="Предварительный выбор методов решения задач"/>
    </change>
    <change idref="t27" to="t19" to-position="2" resolved="yes">
      <change idref="t27" attribute="noEarlierThanConstraintDate" type="date" to="2024-03-26T05:00:00.000Z"/>
      <change idref="t27" attribute="title" type="string" to="Обоснование целесообразности применения ранее разработанных программ "/>
    </change>
    <change idref="t28" to="t19" to-position="3" resolved="yes">
      <change idref="t28" attribute="noEarlierThanConstraintDate" type="date" to="2024-03-27T05:00:00.000Z"/>
      <change idref="t28" attribute="title" type="string" to="Определение требований к техническим средствам "/>
    </change>
    <change idref="t29" to="t19" to-position="4" resolved="yes">
      <change idref="t29" attribute="noEarlierThanConstraintDate" type="date" to="2024-03-28T05:00:00.000Z"/>
      <change idref="t29" attribute="title" type="string" to="Обоснование принципиальной возможности решения поставленной задачи"/>
    </change>
    <change idref="t20" attribute="isGroup" type="real" from="0" to="1" resolved="yes"/>
    <change idref="t20" attribute="multiResourceWorkType" type="real" from="0" resolved="yes"/>
    <change idref="t20" attribute="isSplittableTask" type="real" from="1" resolved="yes"/>
    <change idref="t20" attribute="taskType" type="real" from="0" to="2" resolved="yes"/>
    <change idref="t20" attribute="resourceAssignmentType" type="real" from="0" resolved="yes"/>
    <change idref="t20" attribute="staticCost" type="real" from="0" resolved="yes"/>
    <change idref="t20" attribute="effort" type="real" from="28800" resolved="yes"/>
    <change idref="t20" attribute="isSplitChunk" type="real" from="0" resolved="yes"/>
    <change idref="t20" attribute="scheduleType" type="real" from="0" resolved="yes"/>
    <change idref="t20" attribute="noEarlierThanConstraintDate" type="date" from="2024-03-25T06:00:00.000Z" to="2024-03-29T05:00:00.000Z" resolved="yes"/>
    <change idref="t20" attribute="internalAssignments" type="string" from="" resolved="yes"/>
    <change idref="t20" attribute="isSplitTask" type="real" from="0" resolved="yes"/>
    <change idref="t20" attribute="internalEffortDone" type="real" from="0" resolved="yes"/>
    <change idref="t30" to="t20" to-position="0" resolved="yes">
      <change idref="t30" attribute="title" type="string" to="Определение требований к программе"/>
    </change>
    <change idref="t31" to="t20" to-position="1" resolved="yes">
      <change idref="t31" attribute="noEarlierThanConstraintDate" type="date" to="2024-04-01T05:00:00.000Z"/>
      <change idref="t31" attribute="title" type="string" to="Разработка технико-экономического обоснования разработки программы"/>
    </change>
    <change idref="t32" to="t20" to-position="2" resolved="yes">
      <change idref="t32" attribute="noEarlierThanConstraintDate" type="date" to="2024-04-02T05:00:00.000Z"/>
      <change idref="t32" attribute="title" type="string" to="Определение стадий, этапов и сроков разработки программы и документации на нее"/>
    </change>
    <change idref="t33" to="t20" to-position="3" resolved="yes">
      <change idref="t33" attribute="effort" type="real" from="28800" to="32400"/>
      <change idref="t33" attribute="noEarlierThanConstraintDate" type="date" to="2024-04-03T05:00:00.000Z"/>
      <change idref="t33" attribute="title" type="string" to="Выбор языков программирования"/>
    </change>
    <change idref="t34" to="t20" to-position="4" resolved="yes">
      <change idref="t34" attribute="noEarlierThanConstraintDate" type="date" to="2024-04-04T05:00:00.000Z"/>
      <change idref="t34" attribute="title" type="string" to="Определение необходимости проведения научно-исследовательских работ на последующих стадиях"/>
    </change>
    <change idref="t35" to="t20" to-position="5" resolved="yes">
      <change idref="t35" attribute="noEarlierThanConstraintDate" type="date" to="2024-04-05T05:00:00.000Z"/>
      <change idref="t35" attribute="title" type="string" to="Согласование и утверждение технического задания"/>
    </change>
    <change idref="t22" attribute="noEarlierThanConstraintDate" type="date" from="2024-03-19T05:15:00.000Z" to="2024-03-18T13:45:00.000Z" resolved="yes"/>
    <change idref="t23" attribute="noEarlierThanConstraintDate" type="date" from="2024-03-20T05:15:00.000Z" to="2024-03-19T13:45:00.000Z" resolved="yes"/>
    <change idref="t24" attribute="noEarlierThanConstraintDate" type="date" from="2024-03-21T05:15:00.000Z" to="2024-03-21T05:00:00.000Z" resolved="yes"/>
  </task-change-set>
  <task-change-set user="Андрей Захаров" date="2024-03-16T15:23:18.152Z" timestamp="2024-03-16T15:23:18.152Z">
    <change idref="t36" to="t-1" to-position="1" resolved="yes">
      <change idref="t36" attribute="internalPrerequisitesString" type="string" from="" to="15FS"/>
      <change idref="t36" attribute="isGroup" type="real" from="0" to="1"/>
      <change idref="t36" attribute="noLaterThanConstrainedTaskEnd" type="real" from="1" to="0"/>
      <change idref="t36" attribute="taskType" type="real" from="0" to="2"/>
      <change idref="t36" attribute="title" type="string" to="Эскизный проект"/>
    </change>
    <change idref="t37" to="t-1" to-position="2" resolved="yes">
      <change idref="t37" attribute="internalPrerequisitesString" type="string" from="" to="36FS"/>
      <change idref="t37" attribute="isGroup" type="real" from="0" to="1"/>
      <change idref="t37" attribute="noLaterThanConstrainedTaskEnd" type="real" from="1" to="0"/>
      <change idref="t37" attribute="taskType" type="real" from="0" to="2"/>
      <change idref="t37" attribute="title" type="string" to="Технический проект"/>
    </change>
    <change idref="t38" to="t-1" to-position="3" resolved="yes">
      <change idref="t38" attribute="internalPrerequisitesString" type="string" from="" to="37FS"/>
      <change idref="t38" attribute="isGroup" type="real" from="0" to="1"/>
      <change idref="t38" attribute="noEarlierThanConstraintDate" type="date" to="2024-03-18T05:00:00.000Z"/>
      <change idref="t38" attribute="noLaterThanConstrainedTaskEnd" type="real" from="1" to="0"/>
      <change idref="t38" attribute="taskType" type="real" from="0" to="2"/>
      <change idref="t38" attribute="title" type="string" to="Рабочий проект"/>
    </change>
    <change idref="t39" to="t-1" to-position="4" resolved="yes">
      <change idref="t39" attribute="internalPrerequisitesString" type="string" from="" to="38FS"/>
      <change idref="t39" attribute="isGroup" type="real" from="0" to="1"/>
      <change idref="t39" attribute="noEarlierThanConstraintDate" type="date" to="2024-03-18T05:00:00.000Z"/>
      <change idref="t39" attribute="noLaterThanConstrainedTaskEnd" type="real" from="1" to="0"/>
      <change idref="t39" attribute="taskType" type="real" from="0" to="2"/>
      <change idref="t39" attribute="title" type="string" to="Внедрение"/>
    </change>
    <change idref="t48" to="t37" to-position="0" resolved="yes">
      <change idref="t48" attribute="isGroup" type="real" from="0" to="1"/>
      <change idref="t48" attribute="taskType" type="real" from="0" to="2"/>
      <change idref="t48" attribute="title" type="string" to="Разработка технического проекта"/>
    </change>
    <change idref="t49" to="t37" to-position="1" resolved="yes">
      <change idref="t49" attribute="isGroup" type="real" from="0" to="1"/>
      <change idref="t49" attribute="noEarlierThanConstraintDate" type="date" to="2024-03-26T05:00:00.000Z"/>
      <change idref="t49" attribute="taskType" type="real" from="0" to="2"/>
      <change idref="t49" attribute="title" type="string" to="Утверждение технического проекта"/>
    </change>
    <change idref="t59" to="t38" to-position="0" resolved="yes">
      <change idref="t59" attribute="isGroup" type="real" from="0" to="1"/>
      <change idref="t59" attribute="taskType" type="real" from="0" to="2"/>
      <change idref="t59" attribute="title" type="string" to="Разработка программы"/>
    </change>
    <change idref="t60" to="t38" to-position="1" resolved="yes">
      <change idref="t60" attribute="isGroup" type="real" from="0" to="1"/>
      <change idref="t60" attribute="noEarlierThanConstraintDate" type="date" to="2024-03-19T05:00:00.000Z"/>
      <change idref="t60" attribute="taskType" type="real" from="0" to="2"/>
      <change idref="t60" attribute="title" type="string" to="Разработка программной документации"/>
    </change>
    <change idref="t61" to="t38" to-position="2" resolved="yes">
      <change idref="t61" attribute="isGroup" type="real" from="0" to="1"/>
      <change idref="t61" attribute="noEarlierThanConstraintDate" type="date" to="2024-03-20T05:00:00.000Z"/>
      <change idref="t61" attribute="noLaterThanConstrainedTaskEnd" type="real" from="1" to="0"/>
      <change idref="t61" attribute="taskType" type="real" from="0" to="2"/>
      <change idref="t61" attribute="title" type="string" to="Испытания программы"/>
    </change>
    <change idref="t67" to="t39" to-position="0" resolved="yes">
      <change idref="t67" attribute="isGroup" type="real" from="0" to="1"/>
      <change idref="t67" attribute="taskType" type="real" from="0" to="2"/>
      <change idref="t67" attribute="title" type="string" to="Подготовка и передача программы"/>
    </change>
    <change idref="t42" to="t40" to-position="0" resolved="yes">
      <change idref="t42" attribute="noLaterThanConstrainedTaskEnd" type="real" from="1" to="0"/>
      <change idref="t42" attribute="title" type="string" to="Предварительная разработка структуры входных и выходных данных"/>
    </change>
    <change idref="t43" to="t40" to-position="1" resolved="yes">
      <change idref="t43" attribute="noEarlierThanConstraintDate" type="date" to="2024-03-19T05:00:00.000Z"/>
      <change idref="t43" attribute="title" type="string" to="Уточнение методов решения задачи"/>
    </change>
    <change idref="t44" to="t40" to-position="2" resolved="yes">
      <change idref="t44" attribute="noEarlierThanConstraintDate" type="date" to="2024-03-20T05:00:00.000Z"/>
      <change idref="t44" attribute="title" type="string" to="Разработка общего описания алгоритма решения задачи"/>
    </change>
    <change idref="t45" to="t40" to-position="3" resolved="yes">
      <change idref="t45" attribute="noEarlierThanConstraintDate" type="date" to="2024-03-21T05:00:00.000Z"/>
      <change idref="t45" attribute="title" type="string" to="Разработка технико-экономического обоснования"/>
    </change>
    <change idref="t46" to="t41" to-position="0" resolved="yes">
      <change idref="t46" attribute="noEarlierThanConstraintDate" type="date" to="2024-03-22T05:00:00.000Z"/>
      <change idref="t46" attribute="title" type="string" to="Разработка пояснительной записки"/>
    </change>
    <change idref="t47" to="t41" to-position="1" resolved="yes">
      <change idref="t47" attribute="noEarlierThanConstraintDate" type="date" to="2024-03-25T05:00:00.000Z"/>
      <change idref="t47" attribute="title" type="string" to="Согласование и утверждение эскизного проекта"/>
    </change>
    <change idref="t50" to="t48" to-position="0" resolved="yes">
      <change idref="t50" attribute="title" type="string" to="Уточнение структуры входных и выходных данных"/>
    </change>
    <change idref="t51" to="t48" to-position="1" resolved="yes">
      <change idref="t51" attribute="noEarlierThanConstraintDate" type="date" to="2024-03-19T05:00:00.000Z"/>
      <change idref="t51" attribute="title" type="string" to="Разработка алгоритма решения задачи"/>
    </change>
    <change idref="t52" to="t48" to-position="2" resolved="yes">
      <change idref="t52" attribute="noEarlierThanConstraintDate" type="date" to="2024-03-20T05:00:00.000Z"/>
      <change idref="t52" attribute="title" type="string" to="Определение формы представления входных и выходных данных"/>
    </change>
    <change idref="t53" to="t48" to-position="3" resolved="yes">
      <change idref="t53" attribute="noEarlierThanConstraintDate" type="date" to="2024-03-21T05:00:00.000Z"/>
      <change idref="t53" attribute="title" type="string" to="Определение семантики и синтаксиса языка"/>
    </change>
    <change idref="t54" to="t48" to-position="4" resolved="yes">
      <change idref="t54" attribute="noEarlierThanConstraintDate" type="date" to="2024-03-22T05:00:00.000Z"/>
      <change idref="t54" attribute="title" type="string" to="Разработка структуры программы"/>
    </change>
    <change idref="t55" to="t48" to-position="5" resolved="yes">
      <change idref="t55" attribute="noEarlierThanConstraintDate" type="date" to="2024-03-25T05:00:00.000Z"/>
      <change idref="t55" attribute="title" type="string" to="Окончательное определение конфигурации технических средств"/>
    </change>
    <change idref="t56" to="t49" to-position="0" resolved="yes">
      <change idref="t56" attribute="noEarlierThanConstraintDate" type="date" to="2024-03-26T05:00:00.000Z"/>
      <change idref="t56" attribute="title" type="string" to="Разработка плана мероприятий по разработке и внедрению программ"/>
    </change>
    <change idref="t57" to="t49" to-position="1" resolved="yes">
      <change idref="t57" attribute="noEarlierThanConstraintDate" type="date" to="2024-03-27T05:00:00.000Z"/>
      <change idref="t57" attribute="title" type="string" to="Разработка пояснительной записки "/>
    </change>
    <change idref="t58" to="t49" to-position="2" resolved="yes">
      <change idref="t58" attribute="noEarlierThanConstraintDate" type="date" to="2024-03-28T05:00:00.000Z"/>
      <change idref="t58" attribute="title" type="string" to="Согласование и утверждение технического проекта"/>
    </change>
    <change idref="t62" to="t59" to-position="0" resolved="yes">
      <change idref="t62" attribute="noLaterThanConstrainedTaskEnd" type="real" from="1" to="0"/>
      <change idref="t62" attribute="title" type="string" to="Программирование и отладка программы"/>
    </change>
    <change idref="t63" to="t60" to-position="0" resolved="yes">
      <change idref="t63" attribute="noLaterThanConstrainedTaskEnd" type="real" from="1" to="0"/>
      <change idref="t63" attribute="title" type="string" to="Разработка программных документов в соответствии с требованиями ГОСТ 19.101-77"/>
    </change>
    <change idref="t64" to="t61" to-position="0" resolved="yes">
      <change idref="t64" attribute="noEarlierThanConstraintDate" type="date" to="2024-03-20T05:00:00.000Z"/>
      <change idref="t64" attribute="noLaterThanConstrainedTaskEnd" type="real" from="1" to="0"/>
      <change idref="t64" attribute="title" type="string" to="Разработка, согласование и утверждение порядка и методики испытаний "/>
    </change>
    <change idref="t65" to="t61" to-position="1" resolved="yes">
      <change idref="t65" attribute="noEarlierThanConstraintDate" type="date" to="2024-03-21T05:00:00.000Z"/>
      <change idref="t65" attribute="title" type="string" to="Проведение предварительных государственных, межведомственных, приёмо-сдаточных и других видов испытаний"/>
    </change>
    <change idref="t66" to="t61" to-position="2" resolved="yes">
      <change idref="t66" attribute="noEarlierThanConstraintDate" type="date" to="2024-03-22T05:00:00.000Z"/>
      <change idref="t66" attribute="title" type="string" to="Корректировка программы и программной документации по результатам испытаний"/>
    </change>
    <change idref="t68" to="t67" to-position="0" resolved="yes">
      <change idref="t68" attribute="noLaterThanConstrainedTaskEnd" type="real" from="1" to="0"/>
      <change idref="t68" attribute="title" type="string" to="Подготовка и передача программы и программной документации для сопровождения и (или) изготовления"/>
    </change>
    <change idref="t69" to="t67" to-position="1" resolved="yes">
      <change idref="t69" attribute="noEarlierThanConstraintDate" type="date" to="2024-03-19T05:00:00.000Z"/>
      <change idref="t69" attribute="title" type="string" to="Оформление и утверждение акта о передаче программы на сопровождение и (или) изготовление"/>
    </change>
    <change idref="t70" to="t67" to-position="2" resolved="yes">
      <change idref="t70" attribute="noEarlierThanConstraintDate" type="date" to="2024-03-20T05:00:00.000Z"/>
      <change idref="t70" attribute="title" type="string" to="Передача программы в фонд алгоритмов и программ"/>
    </change>
    <change idref="t40" to="t36" to-position="0" resolved="yes">
      <change idref="t40" attribute="isGroup" type="real" from="0" to="1"/>
      <change idref="t40" attribute="taskType" type="real" from="0" to="2"/>
      <change idref="t40" attribute="title" type="string" to="Разработка эскизного проекта"/>
    </change>
    <change idref="t41" to="t36" to-position="1" resolved="yes">
      <change idref="t41" attribute="isGroup" type="real" from="0" to="1"/>
      <change idref="t41" attribute="noEarlierThanConstraintDate" type="date" to="2024-03-22T05:00:00.000Z"/>
      <change idref="t41" attribute="noLaterThanConstrainedTaskEnd" type="real" from="1" to="0"/>
      <change idref="t41" attribute="taskType" type="real" from="0" to="2"/>
      <change idref="t41" attribute="title" type="string" to="Утверждение эскизного проекта"/>
    </change>
  </task-change-set>
  <task-change-set user="Андрей Захаров" date="2024-03-16T15:26:20.998Z" timestamp="2024-03-16T15:26:20.998Z">
    <change idref="t38" attribute="noEarlierThanConstraintDate" type="date" from="2024-03-18T05:00:00.000Z" to="2024-04-12T05:00:00.000Z" resolved="yes"/>
    <change idref="t39" attribute="noEarlierThanConstraintDate" type="date" from="2024-03-18T05:00:00.000Z" to="2024-04-15T05:00:00.000Z" resolved="yes"/>
    <change idref="t41" attribute="noEarlierThanConstraintDate" type="date" from="2024-03-22T05:00:00.000Z" to="2024-04-09T05:00:00.000Z" resolved="yes"/>
    <change idref="t46" attribute="noEarlierThanConstraintDate" type="date" from="2024-03-22T05:00:00.000Z" to="2024-04-09T05:00:00.000Z" resolved="yes"/>
    <change idref="t47" attribute="noEarlierThanConstraintDate" type="date" from="2024-03-25T05:00:00.000Z" to="2024-04-09T13:45:00.000Z" resolved="yes"/>
    <change idref="t48" attribute="noEarlierThanConstraintDate" type="date" to="2024-04-11T05:00:00.000Z" resolved="yes"/>
    <change idref="t49" attribute="noEarlierThanConstraintDate" type="date" from="2024-03-26T05:00:00.000Z" to="2024-04-11T05:00:00.000Z" resolved="yes"/>
    <change idref="t50" attribute="noEarlierThanConstraintDate" type="date" to="2024-04-11T05:00:00.000Z" resolved="yes"/>
    <change idref="t51" attribute="noEarlierThanConstraintDate" type="date" from="2024-03-19T05:00:00.000Z" to="2024-04-11T05:00:00.000Z" resolved="yes"/>
    <change idref="t52" attribute="noEarlierThanConstraintDate" type="date" from="2024-03-20T05:00:00.000Z" to="2024-04-11T05:00:00.000Z" resolved="yes"/>
    <change idref="t53" attribute="noEarlierThanConstraintDate" type="date" from="2024-03-21T05:00:00.000Z" to="2024-04-11T05:00:00.000Z" resolved="yes"/>
    <change idref="t54" attribute="noEarlierThanConstraintDate" type="date" from="2024-03-22T05:00:00.000Z" to="2024-04-11T05:00:00.000Z" resolved="yes"/>
    <change idref="t55" attribute="noEarlierThanConstraintDate" type="date" from="2024-03-25T05:00:00.000Z" to="2024-04-11T05:00:00.000Z" resolved="yes"/>
    <change idref="t56" attribute="noEarlierThanConstraintDate" type="date" from="2024-03-26T05:00:00.000Z" to="2024-04-11T05:00:00.000Z" resolved="yes"/>
    <change idref="t57" attribute="noEarlierThanConstraintDate" type="date" from="2024-03-27T05:00:00.000Z" to="2024-04-11T05:00:00.000Z" resolved="yes"/>
    <change idref="t58" attribute="noEarlierThanConstraintDate" type="date" from="2024-03-28T05:00:00.000Z" to="2024-04-11T05:00:00.000Z" resolved="yes"/>
    <change idref="t60" attribute="noEarlierThanConstraintDate" type="date" from="2024-03-19T05:00:00.000Z" to="2024-04-12T05:00:00.000Z" resolved="yes"/>
    <change idref="t61" attribute="noEarlierThanConstraintDate" type="date" from="2024-03-20T05:00:00.000Z" to="2024-04-12T05:00:00.000Z" resolved="yes"/>
    <change idref="t64" attribute="noEarlierThanConstraintDate" type="date" from="2024-03-20T05:00:00.000Z" to="2024-04-12T05:00:00.000Z" resolved="yes"/>
    <change idref="t65" attribute="noEarlierThanConstraintDate" type="date" from="2024-03-21T05:00:00.000Z" to="2024-04-12T05:00:00.000Z" resolved="yes"/>
    <change idref="t66" attribute="noEarlierThanConstraintDate" type="date" from="2024-03-22T05:00:00.000Z" to="2024-04-12T05:00:00.000Z" resolved="yes"/>
  </task-change-set>
  <task-change-set user="Андрей Захаров" date="2024-03-16T16:30:16.755Z" timestamp="2024-03-16T16:30:16.755Z">
    <change idref="t21" attribute="effort" type="real" from="28800" to="144000" resolved="yes"/>
    <change idref="t22" attribute="effort" type="real" from="28800" to="57600" resolved="yes"/>
    <change idref="t22" attribute="noEarlierThanConstraintDate" type="date" from="2024-03-18T13:45:00.000Z" to="2024-03-25T05:00:00.000Z" resolved="yes"/>
    <change idref="t23" attribute="effort" type="real" from="28800" to="57600" resolved="yes"/>
    <change idref="t23" attribute="noEarlierThanConstraintDate" type="date" from="2024-03-19T13:45:00.000Z" to="2024-03-27T05:00:00.000Z" resolved="yes"/>
    <change idref="t24" attribute="noEarlierThanConstraintDate" type="date" from="2024-03-21T05:00:00.000Z" to="2024-03-29T05:00:00.000Z" resolved="yes"/>
  </task-change-set>
  <task-change-set user="Андрей Захаров" date="2024-03-16T17:26:52.081Z" timestamp="2024-03-16T17:26:52.081Z">
    <change idref="t19" attribute="noEarlierThanConstraintDate" type="date" from="2024-03-22T05:00:00.000Z" to="2024-04-09T05:00:00.000Z" resolved="yes"/>
    <change idref="t20" attribute="noEarlierThanConstraintDate" type="date" from="2024-03-29T05:00:00.000Z" to="2024-04-29T05:00:00.000Z" resolved="yes"/>
    <change idref="t22" attribute="effort" type="real" from="57600" to="115200" resolved="yes"/>
    <change idref="t23" attribute="effort" type="real" from="57600" to="144000" resolved="yes"/>
    <change idref="t23" attribute="noEarlierThanConstraintDate" type="date" from="2024-03-27T05:00:00.000Z" to="2024-03-29T05:00:00.000Z" resolved="yes"/>
    <change idref="t24" attribute="effort" type="real" from="28800" to="57600" resolved="yes"/>
    <change idref="t24" attribute="noEarlierThanConstraintDate" type="date" from="2024-03-29T05:00:00.000Z" to="2024-04-05T05:00:00.000Z" resolved="yes"/>
    <change idref="t25" attribute="effort" type="real" from="28800" to="115200" resolved="yes"/>
    <change idref="t25" attribute="noEarlierThanConstraintDate" type="date" to="2024-04-09T05:00:00.000Z" resolved="yes"/>
    <change idref="t26" attribute="effort" type="real" from="28800" to="86400" resolved="yes"/>
    <change idref="t26" attribute="noEarlierThanConstraintDate" type="date" from="2024-03-25T05:00:00.000Z" to="2024-04-15T05:00:00.000Z" resolved="yes"/>
    <change idref="t27" attribute="effort" type="real" from="28800" to="57600" resolved="yes"/>
    <change idref="t27" attribute="noEarlierThanConstraintDate" type="date" from="2024-03-26T05:00:00.000Z" to="2024-04-18T05:00:00.000Z" resolved="yes"/>
    <change idref="t28" attribute="effort" type="real" from="28800" to="86400" resolved="yes"/>
    <change idref="t28" attribute="noEarlierThanConstraintDate" type="date" from="2024-03-27T05:00:00.000Z" to="2024-04-22T05:00:00.000Z" resolved="yes"/>
    <change idref="t29" attribute="effort" type="real" from="28800" to="57600" resolved="yes"/>
    <change idref="t29" attribute="noEarlierThanConstraintDate" type="date" from="2024-03-28T05:00:00.000Z" to="2024-04-25T05:00:00.000Z" resolved="yes"/>
    <change idref="t30" attribute="effort" type="real" from="28800" to="144000" resolved="yes"/>
    <change idref="t30" attribute="noEarlierThanConstraintDate" type="date" to="2024-04-29T05:00:00.000Z" resolved="yes"/>
    <change idref="t31" attribute="effort" type="real" from="28800" to="86400" resolved="yes"/>
    <change idref="t31" attribute="noEarlierThanConstraintDate" type="date" from="2024-04-01T05:00:00.000Z" to="2024-05-06T05:00:00.000Z" resolved="yes"/>
    <change idref="t32" attribute="effort" type="real" from="28800" to="57600" resolved="yes"/>
    <change idref="t32" attribute="noEarlierThanConstraintDate" type="date" from="2024-04-02T05:00:00.000Z" to="2024-05-09T05:00:00.000Z" resolved="yes"/>
    <change idref="t33" attribute="effort" type="real" from="32400" to="57600" resolved="yes"/>
    <change idref="t33" attribute="noEarlierThanConstraintDate" type="date" from="2024-04-03T05:00:00.000Z" to="2024-05-13T05:00:00.000Z" resolved="yes"/>
    <change idref="t34" attribute="noEarlierThanConstraintDate" type="date" from="2024-04-04T05:00:00.000Z" to="2024-05-15T05:00:00.000Z" resolved="yes"/>
    <change idref="t35" attribute="effort" type="real" from="28800" to="86400" resolved="yes"/>
    <change idref="t35" attribute="noEarlierThanConstraintDate" type="date" from="2024-04-05T05:00:00.000Z" to="2024-05-16T05:00:00.000Z" resolved="yes"/>
    <change idref="t36" attribute="noEarlierThanConstraintDate" type="date" to="2024-05-21T13:30:00.000Z" resolved="yes"/>
    <change idref="t37" attribute="noEarlierThanConstraintDate" type="date" to="2024-05-24T12:45:00.000Z" resolved="yes"/>
    <change idref="t38" attribute="noEarlierThanConstraintDate" type="date" from="2024-04-12T05:00:00.000Z" to="2024-05-27T12:45:00.000Z" resolved="yes"/>
    <change idref="t39" attribute="noEarlierThanConstraintDate" type="date" from="2024-04-15T05:00:00.000Z" to="2024-05-28T12:45:00.000Z" resolved="yes"/>
  </task-change-set>
  <task-change-set user="Андрей Захаров" date="2024-03-16T17:28:44.898Z" timestamp="2024-03-16T17:28:44.898Z">
    <change idref="t32" attribute="effort" type="real" from="57600" to="86400" resolved="yes"/>
    <change idref="t33" attribute="noEarlierThanConstraintDate" type="date" from="2024-05-13T05:00:00.000Z" to="2024-05-14T05:00:00.000Z" resolved="yes"/>
    <change idref="t34" attribute="noEarlierThanConstraintDate" type="date" from="2024-05-15T05:00:00.000Z" to="2024-05-16T05:00:00.000Z" resolved="yes"/>
    <change idref="t35" attribute="noEarlierThanConstraintDate" type="date" from="2024-05-16T05:00:00.000Z" to="2024-05-17T05:00:00.000Z" resolved="yes"/>
  </task-change-set>
  <task-change-set user="Андрей Захаров" date="2024-03-16T18:33:00.740Z" timestamp="2024-03-16T18:33:00.740Z">
    <change idref="t41" attribute="noEarlierThanConstraintDate" type="date" from="2024-04-09T05:00:00.000Z" to="2024-07-01T05:00:00.000Z" resolved="yes"/>
    <change idref="t42" attribute="effort" type="real" from="28800" to="230400" resolved="yes"/>
    <change idref="t43" attribute="effort" type="real" from="28800" to="57600" resolved="yes"/>
    <change idref="t43" attribute="noEarlierThanConstraintDate" type="date" from="2024-03-19T05:00:00.000Z" to="2024-06-03T05:00:00.000Z" resolved="yes"/>
    <change idref="t44" attribute="effort" type="real" from="28800" to="403200" resolved="yes"/>
    <change idref="t44" attribute="noEarlierThanConstraintDate" type="date" from="2024-03-20T05:00:00.000Z" to="2024-06-05T05:00:00.000Z" resolved="yes"/>
    <change idref="t45" attribute="effort" type="real" from="28800" to="115200" resolved="yes"/>
    <change idref="t45" attribute="noEarlierThanConstraintDate" type="date" from="2024-03-21T05:00:00.000Z" to="2024-06-25T05:00:00.000Z" resolved="yes"/>
    <change idref="t46" attribute="effort" type="real" from="28800" to="86400" resolved="yes"/>
    <change idref="t46" attribute="noEarlierThanConstraintDate" type="date" from="2024-04-09T05:00:00.000Z" to="2024-07-01T05:00:00.000Z" resolved="yes"/>
    <change idref="t47" attribute="effort" type="real" from="28800" to="57600" resolved="yes"/>
    <change idref="t47" attribute="noEarlierThanConstraintDate" type="date" from="2024-04-09T13:45:00.000Z" to="2024-07-04T05:00:00.000Z" resolved="yes"/>
    <change idref="t49" attribute="noEarlierThanConstraintDate" type="date" from="2024-04-11T05:00:00.000Z" to="2024-07-19T05:00:00.000Z" resolved="yes"/>
    <change idref="t50" attribute="effort" type="real" from="28800" to="57600" resolved="yes"/>
    <change idref="t50" attribute="noEarlierThanConstraintDate" type="date" from="2024-04-11T05:00:00.000Z" to="2024-07-08T05:00:00.000Z" resolved="yes"/>
    <change idref="t51" attribute="noEarlierThanConstraintDate" type="date" from="2024-04-11T05:00:00.000Z" to="2024-07-10T05:00:00.000Z" resolved="yes"/>
    <change idref="t52" attribute="noEarlierThanConstraintDate" type="date" from="2024-04-11T05:00:00.000Z" to="2024-07-19T05:15:00.000Z" resolved="yes"/>
    <change idref="t53" attribute="noEarlierThanConstraintDate" type="date" from="2024-04-11T05:00:00.000Z" to="2024-07-19T05:15:00.000Z" resolved="yes"/>
    <change idref="t54" attribute="noEarlierThanConstraintDate" type="date" from="2024-04-11T05:00:00.000Z" to="2024-07-19T05:15:00.000Z" resolved="yes"/>
    <change idref="t55" attribute="noEarlierThanConstraintDate" type="date" from="2024-04-11T05:00:00.000Z" to="2024-07-19T05:15:00.000Z" resolved="yes"/>
  </task-change-set>
  <task-change-set user="Андрей Захаров" date="2024-03-16T18:43:38.764Z" timestamp="2024-03-16T18:43:38.764Z">
    <change idref="t39" attribute="noEarlierThanConstraintDate" type="date" from="2024-05-28T12:45:00.000Z" to="2024-12-10T13:45:00.000Z" resolved="yes"/>
    <change idref="t48" attribute="noEarlierThanConstraintDate" type="date" from="2024-04-11T05:00:00.000Z" to="2024-07-08T05:00:00.000Z" resolved="yes"/>
    <change idref="t49" attribute="noEarlierThanConstraintDate" type="date" from="2024-07-19T05:00:00.000Z" to="2024-09-17T05:00:00.000Z" resolved="yes"/>
    <change idref="t51" attribute="effort" type="real" from="28800" to="576000" resolved="yes"/>
    <change idref="t52" attribute="effort" type="real" from="28800" to="57600" resolved="yes"/>
    <change idref="t52" attribute="noEarlierThanConstraintDate" type="date" from="2024-07-19T05:15:00.000Z" to="2024-08-07T05:00:00.000Z" resolved="yes"/>
    <change idref="t53" attribute="effort" type="real" from="28800" to="86400" resolved="yes"/>
    <change idref="t53" attribute="noEarlierThanConstraintDate" type="date" from="2024-07-19T05:15:00.000Z" to="2024-08-09T05:00:00.000Z" resolved="yes"/>
    <change idref="t54" attribute="effort" type="real" from="28800" to="633600" resolved="yes"/>
    <change idref="t54" attribute="noEarlierThanConstraintDate" type="date" from="2024-07-19T05:15:00.000Z" to="2024-08-14T05:00:00.000Z" resolved="yes"/>
    <change idref="t55" attribute="effort" type="real" from="28800" to="57600" resolved="yes"/>
    <change idref="t55" attribute="noEarlierThanConstraintDate" type="date" from="2024-07-19T05:15:00.000Z" to="2024-09-13T05:00:00.000Z" resolved="yes"/>
    <change idref="t56" attribute="effort" type="real" from="28800" to="57600" resolved="yes"/>
    <change idref="t56" attribute="noEarlierThanConstraintDate" type="date" from="2024-04-11T05:00:00.000Z" to="2024-09-17T05:00:00.000Z" resolved="yes"/>
    <change idref="t57" attribute="effort" type="real" from="28800" to="57600" resolved="yes"/>
    <change idref="t57" attribute="noEarlierThanConstraintDate" type="date" from="2024-04-11T05:00:00.000Z" to="2024-09-19T05:00:00.000Z" resolved="yes"/>
    <change idref="t58" attribute="effort" type="real" from="28800" to="144000" resolved="yes"/>
    <change idref="t58" attribute="noEarlierThanConstraintDate" type="date" from="2024-04-11T05:00:00.000Z" to="2024-09-23T05:00:00.000Z" resolved="yes"/>
    <change idref="t60" attribute="noEarlierThanConstraintDate" type="date" from="2024-04-12T05:00:00.000Z" to="2024-11-04T05:00:00.000Z" resolved="yes"/>
    <change idref="t61" attribute="noEarlierThanConstraintDate" type="date" from="2024-04-12T05:00:00.000Z" to="2024-11-08T05:00:00.000Z" resolved="yes"/>
    <change idref="t62" attribute="effort" type="real" from="28800" to="720000" resolved="yes"/>
    <change idref="t63" attribute="effort" type="real" from="28800" to="115200" resolved="yes"/>
    <change idref="t63" attribute="noEarlierThanConstraintDate" type="date" to="2024-11-04T05:00:00.000Z" resolved="yes"/>
    <change idref="t64" attribute="noEarlierThanConstraintDate" type="date" from="2024-04-12T05:00:00.000Z" to="2024-11-08T05:00:00.000Z" resolved="yes"/>
    <change idref="t65" attribute="noEarlierThanConstraintDate" type="date" from="2024-04-12T05:00:00.000Z" to="2024-11-08T05:00:00.000Z" resolved="yes"/>
    <change idref="t66" attribute="noEarlierThanConstraintDate" type="date" from="2024-04-12T05:00:00.000Z" to="2024-11-08T05:00:00.000Z" resolved="yes"/>
  </task-change-set>
  <task-change-set user="Андрей Захаров" date="2024-03-16T18:46:18.387Z" timestamp="2024-03-16T18:46:18.387Z">
    <change idref="t39" attribute="noEarlierThanConstraintDate" type="date" from="2024-12-10T13:45:00.000Z" to="2024-12-16T13:45:00.000Z" resolved="yes"/>
    <change idref="t64" attribute="effort" type="real" from="28800" to="57600" resolved="yes"/>
    <change idref="t65" attribute="effort" type="real" from="28800" to="432000" resolved="yes"/>
    <change idref="t65" attribute="noEarlierThanConstraintDate" type="date" from="2024-11-08T05:00:00.000Z" to="2024-11-12T05:00:00.000Z" resolved="yes"/>
    <change idref="t66" attribute="effort" type="real" from="28800" to="288000" resolved="yes"/>
    <change idref="t66" attribute="noEarlierThanConstraintDate" type="date" from="2024-11-08T05:00:00.000Z" to="2024-12-03T05:00:00.000Z" resolved="yes"/>
  </task-change-set>
  <task-change-set user="Андрей Захаров" date="2024-03-16T19:36:56.858Z" timestamp="2024-03-16T19:36:56.858Z">
    <change idref="t19" attribute="noEarlierThanConstraintDate" type="date" from="2024-04-09T05:00:00.000Z" to="2024-04-05T05:00:00.000Z" resolved="yes"/>
    <change idref="t19" attribute="internalPrerequisitesString" type="string" from="" to="18FS" resolved="yes"/>
    <change idref="t19" attribute="noLaterThanConstrainedTaskEnd" type="real" from="1" to="0" resolved="yes"/>
    <change idref="t20" attribute="noEarlierThanConstraintDate" type="date" from="2024-04-29T05:00:00.000Z" to="2024-04-25T05:00:00.000Z" resolved="yes"/>
    <change idref="t20" attribute="internalPrerequisitesString" type="string" from="" to="19FS" resolved="yes"/>
    <change idref="t20" attribute="noLaterThanConstrainedTaskEnd" type="real" from="1" to="0" resolved="yes"/>
    <change idref="t22" attribute="internalPrerequisitesString" type="string" from="" to="21FS" resolved="yes"/>
    <change idref="t23" attribute="internalPrerequisitesString" type="string" from="" to="22FS" resolved="yes"/>
    <change idref="t24" attribute="internalPrerequisitesString" type="string" from="" to="23FF" resolved="yes"/>
    <change idref="t24" attribute="noEarlierThanConstraintDate" type="date" from="2024-04-05T05:00:00.000Z" to="2024-04-03T05:00:00.000Z" resolved="yes"/>
    <change idref="t25" attribute="noEarlierThanConstraintDate" type="date" from="2024-04-09T05:00:00.000Z" to="2024-04-05T05:00:00.000Z" resolved="yes"/>
    <change idref="t26" attribute="internalPrerequisitesString" type="string" from="" to="25FS" resolved="yes"/>
    <change idref="t26" attribute="noEarlierThanConstraintDate" type="date" from="2024-04-15T05:00:00.000Z" to="2024-04-11T05:00:00.000Z" resolved="yes"/>
    <change idref="t27" attribute="internalPrerequisitesString" type="string" from="" to="26FS" resolved="yes"/>
    <change idref="t27" attribute="noEarlierThanConstraintDate" type="date" from="2024-04-18T05:00:00.000Z" to="2024-04-16T05:00:00.000Z" resolved="yes"/>
    <change idref="t28" attribute="internalPrerequisitesString" type="string" from="" to="27FS" resolved="yes"/>
    <change idref="t28" attribute="noEarlierThanConstraintDate" type="date" from="2024-04-22T05:00:00.000Z" to="2024-04-18T05:00:00.000Z" resolved="yes"/>
    <change idref="t29" attribute="internalPrerequisitesString" type="string" from="" to="28FS" resolved="yes"/>
    <change idref="t29" attribute="noEarlierThanConstraintDate" type="date" from="2024-04-25T05:00:00.000Z" to="2024-04-23T05:00:00.000Z" resolved="yes"/>
    <change idref="t30" attribute="noEarlierThanConstraintDate" type="date" from="2024-04-29T05:00:00.000Z" to="2024-04-25T05:00:00.000Z" resolved="yes"/>
    <change idref="t31" attribute="internalPrerequisitesString" type="string" from="" to="30FS" resolved="yes"/>
    <change idref="t31" attribute="noEarlierThanConstraintDate" type="date" from="2024-05-06T05:00:00.000Z" to="2024-05-02T05:00:00.000Z" resolved="yes"/>
    <change idref="t32" attribute="internalPrerequisitesString" type="string" from="" to="31FS" resolved="yes"/>
    <change idref="t32" attribute="noEarlierThanConstraintDate" type="date" from="2024-05-09T05:00:00.000Z" to="2024-05-07T05:00:00.000Z" resolved="yes"/>
    <change idref="t33" attribute="internalPrerequisitesString" type="string" from="" to="32FS" resolved="yes"/>
    <change idref="t33" attribute="noEarlierThanConstraintDate" type="date" from="2024-05-14T05:00:00.000Z" to="2024-05-10T05:00:00.000Z" resolved="yes"/>
    <change idref="t34" attribute="internalPrerequisitesString" type="string" from="" to="33FS" resolved="yes"/>
    <change idref="t34" attribute="noEarlierThanConstraintDate" type="date" from="2024-05-16T05:00:00.000Z" to="2024-05-14T05:00:00.000Z" resolved="yes"/>
    <change idref="t35" attribute="internalPrerequisitesString" type="string" from="" to="34FS" resolved="yes"/>
    <change idref="t35" attribute="effort" type="real" from="86400" to="144000" resolved="yes"/>
    <change idref="t35" attribute="noEarlierThanConstraintDate" type="date" from="2024-05-17T05:00:00.000Z" to="2024-05-15T05:00:00.000Z" resolved="yes"/>
    <change idref="t37" attribute="noEarlierThanConstraintDate" type="date" from="2024-05-24T12:45:00.000Z" to="2024-07-10T05:00:00.000Z" resolved="yes"/>
    <change idref="t38" attribute="noEarlierThanConstraintDate" type="date" from="2024-05-27T12:45:00.000Z" to="2024-10-02T05:00:00.000Z" resolved="yes"/>
    <change idref="t39" attribute="noEarlierThanConstraintDate" type="date" from="2024-12-16T13:45:00.000Z" to="2024-12-19T05:00:00.000Z" resolved="yes"/>
    <change idref="t41" attribute="internalPrerequisitesString" type="string" from="" to="40FS" resolved="yes"/>
    <change idref="t42" attribute="noEarlierThanConstraintDate" type="date" to="2024-05-22T05:00:00.000Z" resolved="yes"/>
    <change idref="t43" attribute="internalPrerequisitesString" type="string" from="" to="42FS" resolved="yes"/>
    <change idref="t44" attribute="internalPrerequisitesString" type="string" from="" to="43FS" resolved="yes"/>
    <change idref="t45" attribute="internalPrerequisitesString" type="string" from="" to="44FS" resolved="yes"/>
    <change idref="t47" attribute="internalPrerequisitesString" type="string" from="" to="46FS" resolved="yes"/>
    <change idref="t47" attribute="effort" type="real" from="57600" to="115200" resolved="yes"/>
    <change idref="t48" attribute="noEarlierThanConstraintDate" type="date" from="2024-07-08T05:00:00.000Z" to="2024-07-10T05:00:00.000Z" resolved="yes"/>
    <change idref="t48" attribute="noLaterThanConstrainedTaskEnd" type="real" from="1" to="0" resolved="yes"/>
    <change idref="t49" attribute="noEarlierThanConstraintDate" type="date" from="2024-09-17T05:00:00.000Z" to="2024-09-19T05:00:00.000Z" resolved="yes"/>
    <change idref="t49" attribute="internalPrerequisitesString" type="string" from="" to="48FS" resolved="yes"/>
    <change idref="t49" attribute="noLaterThanConstrainedTaskEnd" type="real" from="1" to="0" resolved="yes"/>
    <change idref="t50" attribute="noLaterThanConstrainedTaskEnd" type="real" from="1" to="0" resolved="yes"/>
    <change idref="t50" attribute="noEarlierThanConstraintDate" type="date" from="2024-07-08T05:00:00.000Z" to="2024-07-10T05:00:00.000Z" resolved="yes"/>
    <change idref="t51" attribute="internalPrerequisitesString" type="string" from="" to="50FS" resolved="yes"/>
    <change idref="t51" attribute="noLaterThanConstrainedTaskEnd" type="real" from="1" to="0" resolved="yes"/>
    <change idref="t51" attribute="noEarlierThanConstraintDate" type="date" from="2024-07-10T05:00:00.000Z" to="2024-07-12T05:00:00.000Z" resolved="yes"/>
    <change idref="t52" attribute="internalPrerequisitesString" type="string" from="" to="51FS" resolved="yes"/>
    <change idref="t52" attribute="noLaterThanConstrainedTaskEnd" type="real" from="1" to="0" resolved="yes"/>
    <change idref="t52" attribute="noEarlierThanConstraintDate" type="date" from="2024-08-07T05:00:00.000Z" to="2024-08-09T05:00:00.000Z" resolved="yes"/>
    <change idref="t53" attribute="internalPrerequisitesString" type="string" from="" to="52FS" resolved="yes"/>
    <change idref="t53" attribute="noLaterThanConstrainedTaskEnd" type="real" from="1" to="0" resolved="yes"/>
    <change idref="t53" attribute="noEarlierThanConstraintDate" type="date" from="2024-08-09T05:00:00.000Z" to="2024-08-13T05:00:00.000Z" resolved="yes"/>
    <change idref="t54" attribute="internalPrerequisitesString" type="string" from="" to="53FS" resolved="yes"/>
    <change idref="t54" attribute="noLaterThanConstrainedTaskEnd" type="real" from="1" to="0" resolved="yes"/>
    <change idref="t54" attribute="noEarlierThanConstraintDate" type="date" from="2024-08-14T05:00:00.000Z" to="2024-08-16T05:00:00.000Z" resolved="yes"/>
    <change idref="t55" attribute="internalPrerequisitesString" type="string" from="" to="54FS" resolved="yes"/>
    <change idref="t55" attribute="noLaterThanConstrainedTaskEnd" type="real" from="1" to="0" resolved="yes"/>
    <change idref="t55" attribute="noEarlierThanConstraintDate" type="date" from="2024-09-13T05:00:00.000Z" to="2024-09-17T05:00:00.000Z" resolved="yes"/>
    <change idref="t56" attribute="noEarlierThanConstraintDate" type="date" from="2024-09-17T05:00:00.000Z" to="2024-09-19T05:00:00.000Z" resolved="yes"/>
    <change idref="t57" attribute="internalPrerequisitesString" type="string" from="" to="56FS" resolved="yes"/>
    <change idref="t57" attribute="noEarlierThanConstraintDate" type="date" from="2024-09-19T05:00:00.000Z" to="2024-09-23T05:00:00.000Z" resolved="yes"/>
    <change idref="t58" attribute="internalPrerequisitesString" type="string" from="" to="57FS" resolved="yes"/>
    <change idref="t58" attribute="noEarlierThanConstraintDate" type="date" from="2024-09-23T05:00:00.000Z" to="2024-09-25T05:00:00.000Z" resolved="yes"/>
    <change idref="t59" attribute="noLaterThanConstrainedTaskEnd" type="real" from="1" to="0" resolved="yes"/>
    <change idref="t59" attribute="noEarlierThanConstraintDate" type="date" to="2024-10-02T05:00:00.000Z" resolved="yes"/>
    <change idref="t60" attribute="noEarlierThanConstraintDate" type="date" from="2024-11-04T05:00:00.000Z" to="2024-11-06T05:00:00.000Z" resolved="yes"/>
    <change idref="t60" attribute="internalPrerequisitesString" type="string" from="" to="59FS" resolved="yes"/>
    <change idref="t60" attribute="noLaterThanConstrainedTaskEnd" type="real" from="1" to="0" resolved="yes"/>
    <change idref="t61" attribute="noEarlierThanConstraintDate" type="date" from="2024-11-08T05:00:00.000Z" to="2024-11-12T05:00:00.000Z" resolved="yes"/>
    <change idref="t61" attribute="internalPrerequisitesString" type="string" from="" to="60FS" resolved="yes"/>
    <change idref="t62" attribute="noEarlierThanConstraintDate" type="date" to="2024-10-02T05:00:00.000Z" resolved="yes"/>
    <change idref="t63" attribute="noEarlierThanConstraintDate" type="date" from="2024-11-04T05:00:00.000Z" to="2024-11-06T05:00:00.000Z" resolved="yes"/>
    <change idref="t64" attribute="noEarlierThanConstraintDate" type="date" from="2024-11-08T05:00:00.000Z" to="2024-11-12T05:00:00.000Z" resolved="yes"/>
    <change idref="t65" attribute="internalPrerequisitesString" type="string" from="" to="64FS" resolved="yes"/>
    <change idref="t65" attribute="noEarlierThanConstraintDate" type="date" from="2024-11-12T05:00:00.000Z" to="2024-11-14T05:00:00.000Z" resolved="yes"/>
    <change idref="t66" attribute="internalPrerequisitesString" type="string" from="" to="65FS" resolved="yes"/>
    <change idref="t66" attribute="noEarlierThanConstraintDate" type="date" from="2024-12-03T05:00:00.000Z" to="2024-12-05T05:00:00.000Z" resolved="yes"/>
    <change idref="t67" attribute="noLaterThanConstrainedTaskEnd" type="real" from="1" to="0" resolved="yes"/>
    <change idref="t67" attribute="noEarlierThanConstraintDate" type="date" to="2024-12-19T05:00:00.000Z" resolved="yes"/>
    <change idref="t68" attribute="effort" type="real" from="28800" to="144000" resolved="yes"/>
    <change idref="t68" attribute="noEarlierThanConstraintDate" type="date" to="2024-12-19T05:00:00.000Z" resolved="yes"/>
    <change idref="t69" attribute="internalPrerequisitesString" type="string" from="" to="68SS" resolved="yes"/>
    <change idref="t69" attribute="noLaterThanConstrainedTaskEnd" type="real" from="1" to="0" resolved="yes"/>
    <change idref="t69" attribute="effort" type="real" from="28800" to="144000" resolved="yes"/>
    <change idref="t69" attribute="noEarlierThanConstraintDate" type="date" from="2024-03-19T05:00:00.000Z" to="2024-12-19T05:00:00.000Z" resolved="yes"/>
    <change idref="t70" attribute="internalPrerequisitesString" type="string" from="" to="69FS" resolved="yes"/>
    <change idref="t70" attribute="effort" type="real" from="28800" to="144000" resolved="yes"/>
    <change idref="t70" attribute="noEarlierThanConstraintDate" type="date" from="2024-03-20T05:00:00.000Z" to="2024-12-26T05:00:00.000Z" resolved="yes"/>
  </task-change-set>
  <task-change-set user="Андрей Захаров" date="2024-03-16T20:04:49.017Z" timestamp="2024-03-16T20:04:49.017Z">
    <change idref="t72" to="t-1" to-position="0" resolved="yes">
      <change idref="t72" attribute="effort" type="real" from="28800" to="0"/>
      <change idref="t72" attribute="isSplittableTask" type="real" from="1" to="0"/>
      <change idref="t72" attribute="noEarlierThanConstraintDate" type="date" to="2024-03-18T05:00:00.000Z"/>
      <change idref="t72" attribute="percentCompleteForMilestone" type="real" to="0"/>
      <change idref="t72" attribute="taskType" type="real" from="0" to="1"/>
      <change idref="t72" attribute="title" type="string" to="Начало разработки &apos;SkyNet&apos;"/>
    </change>
    <change idref="t15" attribute="noEarlierThanConstraintDate" type="date" to="2024-03-18T05:00:00.000Z" resolved="yes"/>
    <change idref="t18" attribute="noEarlierThanConstraintDate" type="date" to="2024-03-18T05:00:00.000Z" resolved="yes"/>
    <change idref="t73" to="t18" to-position="4" resolved="yes">
      <change idref="t73" attribute="effort" type="real" from="28800" to="0"/>
      <change idref="t73" attribute="internalPrerequisitesString" type="string" from="" to="24FS"/>
      <change idref="t73" attribute="isSplittableTask" type="real" from="1" to="0"/>
      <change idref="t73" attribute="noEarlierThanConstraintDate" type="date" to="2024-04-04T13:45:00.000Z"/>
      <change idref="t73" attribute="percentCompleteForMilestone" type="real" to="0"/>
      <change idref="t73" attribute="taskType" type="real" from="0" to="1"/>
      <change idref="t73" attribute="title" type="string" to="Завершение обоснований необходимости разработки"/>
    </change>
    <change idref="t74" to="t19" to-position="5" resolved="yes">
      <change idref="t74" attribute="effort" type="real" from="28800" to="0"/>
      <change idref="t74" attribute="internalPrerequisitesString" type="string" from="" to="29FS"/>
      <change idref="t74" attribute="isSplittableTask" type="real" from="1" to="0"/>
      <change idref="t74" attribute="noEarlierThanConstraintDate" type="date" to="2024-04-24T13:45:00.000Z"/>
      <change idref="t74" attribute="percentCompleteForMilestone" type="real" to="0"/>
      <change idref="t74" attribute="taskType" type="real" from="0" to="1"/>
      <change idref="t74" attribute="title" type="string" to="Завершение научно-исследовательских работ"/>
    </change>
    <change idref="t75" to="t20" to-position="6" resolved="yes">
      <change idref="t75" attribute="effort" type="real" from="28800" to="0"/>
      <change idref="t75" attribute="internalPrerequisitesString" type="string" from="" to="35FS"/>
      <change idref="t75" attribute="isSplittableTask" type="real" from="1" to="0"/>
      <change idref="t75" attribute="noEarlierThanConstraintDate" type="date" to="2024-05-21T13:45:00.000Z"/>
      <change idref="t75" attribute="percentCompleteForMilestone" type="real" to="0"/>
      <change idref="t75" attribute="taskType" type="real" from="0" to="1"/>
      <change idref="t75" attribute="title" type="string" to="Milestone 4"/>
    </change>
    <change idref="t21" attribute="internalPrerequisitesString" type="string" from="" to="72FS" resolved="yes"/>
    <change idref="t21" attribute="noEarlierThanConstraintDate" type="date" to="2024-03-18T05:00:00.000Z" resolved="yes"/>
    <change idref="t25" attribute="internalPrerequisitesString" type="string" from="" to="73FS" resolved="yes"/>
    <change idref="t30" attribute="internalPrerequisitesString" type="string" from="" to="74FS" resolved="yes"/>
    <change idref="t36" attribute="noEarlierThanConstraintDate" type="date" from="2024-05-21T13:30:00.000Z" to="2024-05-22T05:00:00.000Z" resolved="yes"/>
    <change idref="t40" attribute="noEarlierThanConstraintDate" type="date" to="2024-05-22T05:00:00.000Z" resolved="yes"/>
    <change idref="t76" to="t40" to-position="4" resolved="yes">
      <change idref="t76" attribute="effort" type="real" from="28800" to="0"/>
      <change idref="t76" attribute="internalPrerequisitesString" type="string" from="" to="45FS"/>
      <change idref="t76" attribute="isSplittableTask" type="real" from="1" to="0"/>
      <change idref="t76" attribute="noEarlierThanConstraintDate" type="date" to="2024-06-28T13:45:00.000Z"/>
      <change idref="t76" attribute="percentCompleteForMilestone" type="real" to="0"/>
      <change idref="t76" attribute="taskType" type="real" from="0" to="1"/>
      <change idref="t76" attribute="title" type="string" to="Milestone 5"/>
    </change>
    <change idref="t77" to="t41" to-position="2" resolved="yes">
      <change idref="t77" attribute="effort" type="real" from="28800" to="0"/>
      <change idref="t77" attribute="internalPrerequisitesString" type="string" from="" to="47FS"/>
      <change idref="t77" attribute="isSplittableTask" type="real" from="1" to="0"/>
      <change idref="t77" attribute="noEarlierThanConstraintDate" type="date" to="2024-07-09T13:45:00.000Z"/>
      <change idref="t77" attribute="percentCompleteForMilestone" type="real" to="0"/>
      <change idref="t77" attribute="taskType" type="real" from="0" to="1"/>
      <change idref="t77" attribute="title" type="string" to="Milestone 6"/>
    </change>
    <change idref="t42" attribute="internalPrerequisitesString" type="string" from="" to="75FS" resolved="yes"/>
    <change idref="t46" attribute="internalPrerequisitesString" type="string" from="" to="76FS" resolved="yes"/>
    <change idref="t78" to="t48" to-position="6" resolved="yes">
      <change idref="t78" attribute="effort" type="real" from="28800" to="0"/>
      <change idref="t78" attribute="internalPrerequisitesString" type="string" from="" to="55FS"/>
      <change idref="t78" attribute="isSplittableTask" type="real" from="1" to="0"/>
      <change idref="t78" attribute="noEarlierThanConstraintDate" type="date" to="2024-09-18T13:45:00.000Z"/>
      <change idref="t78" attribute="percentCompleteForMilestone" type="real" to="0"/>
      <change idref="t78" attribute="taskType" type="real" from="0" to="1"/>
      <change idref="t78" attribute="title" type="string" to="Milestone 7"/>
    </change>
    <change idref="t79" to="t49" to-position="3" resolved="yes">
      <change idref="t79" attribute="effort" type="real" from="28800" to="0"/>
      <change idref="t79" attribute="internalPrerequisitesString" type="string" from="" to="58FS"/>
      <change idref="t79" attribute="isSplittableTask" type="real" from="1" to="0"/>
      <change idref="t79" attribute="noEarlierThanConstraintDate" type="date" to="2024-10-01T13:45:00.000Z"/>
      <change idref="t79" attribute="percentCompleteForMilestone" type="real" to="0"/>
      <change idref="t79" attribute="taskType" type="real" from="0" to="1"/>
      <change idref="t79" attribute="title" type="string" to="Milestone 8"/>
    </change>
    <change idref="t50" attribute="internalPrerequisitesString" type="string" from="" to="77FS" resolved="yes"/>
    <change idref="t56" attribute="internalPrerequisitesString" type="string" from="" to="78FS" resolved="yes"/>
    <change idref="t81" to="t59" to-position="1" resolved="yes">
      <change idref="t81" attribute="effort" type="real" from="28800" to="0"/>
      <change idref="t81" attribute="internalPrerequisitesString" type="string" from="" to="62FS"/>
      <change idref="t81" attribute="isSplittableTask" type="real" from="1" to="0"/>
      <change idref="t81" attribute="noEarlierThanConstraintDate" type="date" to="2024-11-05T13:45:00.000Z"/>
      <change idref="t81" attribute="percentCompleteForMilestone" type="real" to="0"/>
      <change idref="t81" attribute="taskType" type="real" from="0" to="1"/>
      <change idref="t81" attribute="title" type="string" to="Milestone 9"/>
    </change>
    <change idref="t82" to="t60" to-position="1" resolved="yes">
      <change idref="t82" attribute="effort" type="real" from="28800" to="0"/>
      <change idref="t82" attribute="internalPrerequisitesString" type="string" from="" to="63FS"/>
      <change idref="t82" attribute="isSplittableTask" type="real" from="1" to="0"/>
      <change idref="t82" attribute="noEarlierThanConstraintDate" type="date" to="2024-11-11T13:45:00.000Z"/>
      <change idref="t82" attribute="percentCompleteForMilestone" type="real" to="0"/>
      <change idref="t82" attribute="taskType" type="real" from="0" to="1"/>
      <change idref="t82" attribute="title" type="string" to="Milestone 10"/>
    </change>
    <change idref="t83" to="t61" to-position="3" resolved="yes">
      <change idref="t83" attribute="effort" type="real" from="28800" to="0"/>
      <change idref="t83" attribute="internalPrerequisitesString" type="string" from="" to="66FS"/>
      <change idref="t83" attribute="isSplittableTask" type="real" from="1" to="0"/>
      <change idref="t83" attribute="noEarlierThanConstraintDate" type="date" to="2024-12-18T13:45:00.000Z"/>
      <change idref="t83" attribute="percentCompleteForMilestone" type="real" to="0"/>
      <change idref="t83" attribute="taskType" type="real" from="0" to="1"/>
      <change idref="t83" attribute="title" type="string" to="Milestone 11"/>
    </change>
    <change idref="t62" attribute="internalPrerequisitesString" type="string" from="" to="79FS" resolved="yes"/>
    <change idref="t63" attribute="internalPrerequisitesString" type="string" from="" to="81FS" resolved="yes"/>
    <change idref="t64" attribute="internalPrerequisitesString" type="string" from="" to="82FS" resolved="yes"/>
    <change idref="t84" to="t67" to-position="3" resolved="yes">
      <change idref="t84" attribute="effort" type="real" from="28800" to="0"/>
      <change idref="t84" attribute="internalPrerequisitesString" type="string" from="" to="70FS"/>
      <change idref="t84" attribute="isSplittableTask" type="real" from="1" to="0"/>
      <change idref="t84" attribute="noEarlierThanConstraintDate" type="date" to="2025-01-01T13:45:00.000Z"/>
      <change idref="t84" attribute="percentCompleteForMilestone" type="real" to="0"/>
      <change idref="t84" attribute="taskType" type="real" from="0" to="1"/>
      <change idref="t84" attribute="title" type="string" to="Milestone 12"/>
    </change>
    <change idref="t68" attribute="internalPrerequisitesString" type="string" from="" to="83FS" resolved="yes"/>
  </task-change-set>
  <task-change-set user="Андрей Захаров" date="2024-03-16T20:11:05.182Z" timestamp="2024-03-16T20:11:05.182Z">
    <change idref="t75" attribute="title" type="string" from="Milestone 4" to="Завершение разработки и утверждения технического задания" resolved="yes"/>
    <change idref="t76" attribute="title" type="string" from="Milestone 5" to="Завершение разработки эскизного проекта" resolved="yes"/>
    <change idref="t77" attribute="title" type="string" from="Milestone 6" to="Завершение утверждения эскизного проекта" resolved="yes"/>
    <change idref="t78" attribute="title" type="string" from="Milestone 7" to="Завершение разработки технического проекта " resolved="yes"/>
    <change idref="t79" attribute="title" type="string" from="Milestone 8" to="Завершение утверждения технического проекта" resolved="yes"/>
    <change idref="t81" attribute="title" type="string" from="Milestone 9" to="Завершение разработки программы" resolved="yes"/>
    <change idref="t82" attribute="title" type="string" from="Milestone 10" to="Завершение разработки программной документации" resolved="yes"/>
    <change idref="t83" attribute="title" type="string" from="Milestone 11" to="Завершение испытаний программы" resolved="yes"/>
    <change idref="t84" attribute="title" type="string" from="Milestone 12" to="Завершение подготовки и передачи программы" resolved="yes"/>
  </task-change-set>
  <task-change-set user="Андрей Захаров" date="2024-03-17T00:29:16.435Z" timestamp="2024-03-17T00:29:16.435Z">
    <change idref="t21" attribute="noLaterThanConstrainedTaskEnd" type="real" from="1" to="0" resolved="yes"/>
    <change idref="t21" attribute="noEarlierThanConstraintDate" type="date" from="2024-03-18T05:00:00.000Z" to="2024-03-18T05:15:00.000Z" resolved="yes"/>
  </task-change-set>
  <resource-change-set user="Андрей Захаров" date="2024-03-16T13:12:30.808Z" timestamp="2024-03-16T13:12:30.808Z">
    <change idref="r1" from="r-1" from-position="0" resolved="yes">
      <change idref="r1" attribute="name" type="string" from="" to="Resource 1"/>
    </change>
    <change idref="r12" to="r-1" to-position="0" resolved="yes">
      <change idref="r12" attribute="isGroup" type="real" from="0" to="1"/>
      <change idref="r12" attribute="name" type="string" from="" to="Департамент разработки облачной платформы &apos;SkyNet&apos;"/>
      <change idref="r12" attribute="resourceTypeRank" type="real" from="0" to="3"/>
    </change>
    <change idref="r162" to="r-1" to-position="1" resolved="yes">
      <change idref="r162" attribute="isGroup" type="real" from="0" to="1"/>
      <change idref="r162" attribute="name" type="string" from="" to="Департамент разработки системы искусственного интеллекта &apos;MindCraft&apos;"/>
      <change idref="r162" attribute="resourceTypeRank" type="real" from="0" to="3"/>
    </change>
    <change idref="r163" to="r162" to-position="0" resolved="yes">
      <change idref="r163" attribute="name" type="string" from="" to="Начальник департамента  &apos;MindCraft&apos;"/>
    </change>
    <change idref="r164" to="r162" to-position="1" resolved="yes">
      <change idref="r164" attribute="name" type="string" from="" to="Начальник отдела программирования"/>
    </change>
    <change idref="r165" to="r162" to-position="2" resolved="yes">
      <change idref="r165" attribute="name" type="string" from="" to="Заместитель начальника отдела программирования (сфера разработки)"/>
    </change>
    <change idref="r166" to="r162" to-position="3" resolved="yes">
      <change idref="r166" attribute="name" type="string" from="" to="Ведущий программист"/>
    </change>
    <change idref="r167" to="r162" to-position="4" resolved="yes">
      <change idref="r167" attribute="name" type="string" from="" to="Программист"/>
    </change>
    <change idref="r168" to="r162" to-position="5" resolved="yes">
      <change idref="r168" attribute="name" type="string" from="" to="Начальник отделения проектирования ПО"/>
    </change>
    <change idref="r169" to="r162" to-position="6" resolved="yes">
      <change idref="r169" attribute="name" type="string" from="" to="Заместитель начальника отделения (сфера проектирования)"/>
    </change>
    <change idref="r170" to="r162" to-position="7" resolved="yes">
      <change idref="r170" attribute="name" type="string" from="" to="Архитектор ПО"/>
    </change>
    <change idref="r171" to="r162" to-position="8" resolved="yes">
      <change idref="r171" attribute="name" type="string" from="" to="Системный аналитик"/>
    </change>
    <change idref="r172" to="r162" to-position="9" resolved="yes">
      <change idref="r172" attribute="name" type="string" from="" to="Дизайнер интерфейсов"/>
    </change>
    <change idref="r173" to="r162" to-position="10" resolved="yes">
      <change idref="r173" attribute="name" type="string" from="" to="Начальник группы сопровождения"/>
    </change>
    <change idref="r174" to="r162" to-position="11" resolved="yes">
      <change idref="r174" attribute="name" type="string" from="" to="Заместитель начальника группы сопровождения (сфера сопровождения)"/>
    </change>
    <change idref="r175" to="r162" to-position="12" resolved="yes">
      <change idref="r175" attribute="name" type="string" from="" to="Специалист по техническому сопровождению"/>
    </change>
    <change idref="r187" to="r162" to-position="13" resolved="yes">
      <change idref="r187" attribute="name" type="string" from="" to="Специалист по поддержке пользователей"/>
    </change>
    <change idref="r176" to="r162" to-position="14" resolved="yes">
      <change idref="r176" attribute="name" type="string" from="" to="Начальник группы тестирования"/>
    </change>
    <change idref="r177" to="r162" to-position="15" resolved="yes">
      <change idref="r177" attribute="name" type="string" from="" to="Заместитель начальника группы тестирования"/>
    </change>
    <change idref="r178" to="r162" to-position="16" resolved="yes">
      <change idref="r178" attribute="name" type="string" from="" to="Ведущий инженер по тестированию"/>
    </change>
    <change idref="r179" to="r162" to-position="17" resolved="yes">
      <change idref="r179" attribute="name" type="string" from="" to="Инженеры по тестированию"/>
    </change>
    <change idref="r180" to="r162" to-position="18" resolved="yes">
      <change idref="r180" attribute="name" type="string" from="" to="Начальник группы анализа требований"/>
    </change>
    <change idref="r181" to="r162" to-position="19" resolved="yes">
      <change idref="r181" attribute="name" type="string" from="" to="Заместитель начальник группы анализа требований"/>
    </change>
    <change idref="r182" to="r162" to-position="20" resolved="yes">
      <change idref="r182" attribute="name" type="string" from="" to="Аналитик требований"/>
    </change>
    <change idref="r183" to="r162" to-position="21" resolved="yes">
      <change idref="r183" attribute="name" type="string" from="" to="Начальник группы документирования"/>
    </change>
    <change idref="r184" to="r162" to-position="22" resolved="yes">
      <change idref="r184" attribute="name" type="string" from="" to="Заместитель начальник отдела управления проектами"/>
    </change>
    <change idref="r188" to="r162" to-position="23" resolved="yes">
      <change idref="r188" attribute="name" type="string" from="" to="Технические писатели (документация)"/>
    </change>
    <change idref="r189" to="r162" to-position="24" resolved="yes">
      <change idref="r189" attribute="name" type="string" from="" to="Начальник отдела управления проектами"/>
    </change>
    <change idref="r190" to="r162" to-position="25" resolved="yes">
      <change idref="r190" attribute="name" type="string" from="" to="Заместитель начальник отдела управления проектами"/>
    </change>
    <change idref="r185" to="r162" to-position="26" resolved="yes">
      <change idref="r185" attribute="name" type="string" from="" to="Руководитель проектов"/>
    </change>
    <change idref="r186" to="r162" to-position="27" resolved="yes">
      <change idref="r186" attribute="name" type="string" from="" to="Специалисты по управлению проектами"/>
    </change>
    <change idref="r25" to="r12" to-position="0" resolved="yes">
      <change idref="r25" attribute="name" type="string" from="" to="Начальник департамента  &apos;SkyNet&apos;"/>
    </change>
    <change idref="r26" to="r12" to-position="1" resolved="yes">
      <change idref="r26" attribute="name" type="string" from="" to="Начальник отдела программирования"/>
    </change>
    <change idref="r27" to="r12" to-position="2" resolved="yes">
      <change idref="r27" attribute="name" type="string" from="" to="Заместитель начальника отдела программирования (сфера разработки)"/>
    </change>
    <change idref="r28" to="r12" to-position="3" resolved="yes">
      <change idref="r28" attribute="name" type="string" from="" to="Ведущий программист"/>
    </change>
    <change idref="r29" to="r12" to-position="4" resolved="yes">
      <change idref="r29" attribute="name" type="string" from="" to="Программист"/>
    </change>
    <change idref="r30" to="r12" to-position="5" resolved="yes">
      <change idref="r30" attribute="name" type="string" from="" to="Начальник отделения проектирования ПО"/>
    </change>
    <change idref="r31" to="r12" to-position="6" resolved="yes">
      <change idref="r31" attribute="name" type="string" from="" to="Заместитель начальника отделения (сфера проектирования)"/>
    </change>
    <change idref="r32" to="r12" to-position="7" resolved="yes">
      <change idref="r32" attribute="name" type="string" from="" to="Архитектор ПО"/>
    </change>
    <change idref="r33" to="r12" to-position="8" resolved="yes">
      <change idref="r33" attribute="name" type="string" from="" to="Системный аналитик"/>
    </change>
    <change idref="r34" to="r12" to-position="9" resolved="yes">
      <change idref="r34" attribute="name" type="string" from="" to="Дизайнер интерфейсов"/>
    </change>
    <change idref="r35" to="r12" to-position="10" resolved="yes">
      <change idref="r35" attribute="name" type="string" from="" to="Начальник группы сопровождения"/>
    </change>
    <change idref="r36" to="r12" to-position="11" resolved="yes">
      <change idref="r36" attribute="name" type="string" from="" to="Заместитель начальника группы сопровождения (сфера сопровождения)"/>
    </change>
    <change idref="r37" to="r12" to-position="12" resolved="yes">
      <change idref="r37" attribute="name" type="string" from="" to="Специалист по техническому сопровождению"/>
    </change>
    <change idref="r71" to="r12" to-position="13" resolved="yes">
      <change idref="r71" attribute="name" type="string" from="" to="Специалист по поддержке пользователей"/>
    </change>
    <change idref="r39" to="r12" to-position="14" resolved="yes">
      <change idref="r39" attribute="name" type="string" from="" to="Начальник группы тестирования"/>
    </change>
    <change idref="r40" to="r12" to-position="15" resolved="yes">
      <change idref="r40" attribute="name" type="string" from="" to="Заместитель начальника группы тестирования"/>
    </change>
    <change idref="r41" to="r12" to-position="16" resolved="yes">
      <change idref="r41" attribute="name" type="string" from="" to="Ведущий инженер по тестированию"/>
    </change>
    <change idref="r42" to="r12" to-position="17" resolved="yes">
      <change idref="r42" attribute="name" type="string" from="" to="Инженеры по тестированию"/>
    </change>
    <change idref="r43" to="r12" to-position="18" resolved="yes">
      <change idref="r43" attribute="name" type="string" from="" to="Начальник группы анализа требований"/>
    </change>
    <change idref="r44" to="r12" to-position="19" resolved="yes">
      <change idref="r44" attribute="name" type="string" from="" to="Заместитель начальник группы анализа требований"/>
    </change>
    <change idref="r45" to="r12" to-position="20" resolved="yes">
      <change idref="r45" attribute="name" type="string" from="" to="Аналитик требований"/>
    </change>
    <change idref="r46" to="r12" to-position="21" resolved="yes">
      <change idref="r46" attribute="name" type="string" from="" to="Начальник группы документирования"/>
    </change>
    <change idref="r47" to="r12" to-position="22" resolved="yes">
      <change idref="r47" attribute="name" type="string" from="" to="Заместитель начальник отдела управления проектами"/>
    </change>
    <change idref="r82" to="r12" to-position="23" resolved="yes">
      <change idref="r82" attribute="name" type="string" from="" to="Технические писатели (документация)"/>
    </change>
    <change idref="r83" to="r12" to-position="24" resolved="yes">
      <change idref="r83" attribute="name" type="string" from="" to="Начальник отдела управления проектами"/>
    </change>
    <change idref="r84" to="r12" to-position="25" resolved="yes">
      <change idref="r84" attribute="name" type="string" from="" to="Заместитель начальник отдела управления проектами"/>
    </change>
    <change idref="r48" to="r12" to-position="26" resolved="yes">
      <change idref="r48" attribute="name" type="string" from="" to="Руководитель проектов"/>
    </change>
    <change idref="r49" to="r12" to-position="27" resolved="yes">
      <change idref="r49" attribute="name" type="string" from="" to="Специалисты по управлению проектами"/>
    </change>
  </resource-change-set>
  <resource-change-set user="Андрей Захаров" date="2024-03-16T13:19:44.338Z" timestamp="2024-03-16T13:19:44.338Z">
    <change idref="r162" from="r-1" from-position="1" resolved="yes">
      <change idref="r162" attribute="isGroup" type="real" from="0" to="1"/>
      <change idref="r162" attribute="name" type="string" from="" to="Департамент разработки системы искусственного интеллекта &apos;MindCraft&apos;"/>
      <change idref="r162" attribute="resourceTypeRank" type="real" from="0" to="3"/>
    </change>
    <change idref="r192" to="r-1" to-position="1" resolved="yes">
      <change idref="r192" attribute="isGroup" type="real" from="0" to="1"/>
      <change idref="r192" attribute="name" type="string" from="" to="Департамент разработки системы искусственного интеллекта &apos;MindCraft&apos;1"/>
      <change idref="r192" attribute="resourceTypeRank" type="real" from="0" to="3"/>
    </change>
    <change idref="r315" to="r192" to-position="0" resolved="yes">
      <change idref="r315" attribute="name" type="string" from="" to="Начальник департамента  &apos;SkyNet&apos;"/>
    </change>
    <change idref="r316" to="r192" to-position="1" resolved="yes">
      <change idref="r316" attribute="name" type="string" from="" to="Начальник отдела программирования"/>
    </change>
    <change idref="r317" to="r192" to-position="2" resolved="yes">
      <change idref="r317" attribute="name" type="string" from="" to="Заместитель начальника отдела программирования (сфера разработки)"/>
    </change>
    <change idref="r318" to="r192" to-position="3" resolved="yes">
      <change idref="r318" attribute="name" type="string" from="" to="Ведущий программист"/>
    </change>
    <change idref="r319" to="r192" to-position="4" resolved="yes">
      <change idref="r319" attribute="name" type="string" from="" to="Программист"/>
    </change>
    <change idref="r320" to="r192" to-position="5" resolved="yes">
      <change idref="r320" attribute="name" type="string" from="" to="Начальник отделения проектирования ПО"/>
    </change>
    <change idref="r321" to="r192" to-position="6" resolved="yes">
      <change idref="r321" attribute="name" type="string" from="" to="Заместитель начальника отделения (сфера проектирования)"/>
    </change>
    <change idref="r322" to="r192" to-position="7" resolved="yes">
      <change idref="r322" attribute="name" type="string" from="" to="Архитектор ПО"/>
    </change>
    <change idref="r323" to="r192" to-position="8" resolved="yes">
      <change idref="r323" attribute="name" type="string" from="" to="Системный аналитик"/>
    </change>
    <change idref="r324" to="r192" to-position="9" resolved="yes">
      <change idref="r324" attribute="name" type="string" from="" to="Дизайнер интерфейсов"/>
    </change>
    <change idref="r325" to="r192" to-position="10" resolved="yes">
      <change idref="r325" attribute="name" type="string" from="" to="Начальник группы сопровождения"/>
    </change>
    <change idref="r326" to="r192" to-position="11" resolved="yes">
      <change idref="r326" attribute="name" type="string" from="" to="Заместитель начальника группы сопровождения (сфера сопровождения)"/>
    </change>
    <change idref="r327" to="r192" to-position="12" resolved="yes">
      <change idref="r327" attribute="name" type="string" from="" to="Специалист по техническому сопровождению"/>
    </change>
    <change idref="r339" to="r192" to-position="13" resolved="yes">
      <change idref="r339" attribute="name" type="string" from="" to="Специалист по поддержке пользователей"/>
    </change>
    <change idref="r328" to="r192" to-position="14" resolved="yes">
      <change idref="r328" attribute="name" type="string" from="" to="Начальник группы тестирования"/>
    </change>
    <change idref="r329" to="r192" to-position="15" resolved="yes">
      <change idref="r329" attribute="name" type="string" from="" to="Заместитель начальника группы тестирования"/>
    </change>
    <change idref="r330" to="r192" to-position="16" resolved="yes">
      <change idref="r330" attribute="name" type="string" from="" to="Ведущий инженер по тестированию"/>
    </change>
    <change idref="r331" to="r192" to-position="17" resolved="yes">
      <change idref="r331" attribute="name" type="string" from="" to="Инженеры по тестированию"/>
    </change>
    <change idref="r332" to="r192" to-position="18" resolved="yes">
      <change idref="r332" attribute="name" type="string" from="" to="Начальник группы анализа требований"/>
    </change>
    <change idref="r333" to="r192" to-position="19" resolved="yes">
      <change idref="r333" attribute="name" type="string" from="" to="Заместитель начальник группы анализа требований"/>
    </change>
    <change idref="r334" to="r192" to-position="20" resolved="yes">
      <change idref="r334" attribute="name" type="string" from="" to="Аналитик требований"/>
    </change>
    <change idref="r335" to="r192" to-position="21" resolved="yes">
      <change idref="r335" attribute="name" type="string" from="" to="Начальник группы документирования"/>
    </change>
    <change idref="r336" to="r192" to-position="22" resolved="yes">
      <change idref="r336" attribute="name" type="string" from="" to="Заместитель начальник отдела управления проектами"/>
    </change>
    <change idref="r340" to="r192" to-position="23" resolved="yes">
      <change idref="r340" attribute="name" type="string" from="" to="Технические писатели (документация)"/>
    </change>
    <change idref="r341" to="r192" to-position="24" resolved="yes">
      <change idref="r341" attribute="name" type="string" from="" to="Начальник отдела управления проектами"/>
    </change>
    <change idref="r342" to="r192" to-position="25" resolved="yes">
      <change idref="r342" attribute="name" type="string" from="" to="Заместитель начальник отдела управления проектами"/>
    </change>
    <change idref="r337" to="r192" to-position="26" resolved="yes">
      <change idref="r337" attribute="name" type="string" from="" to="Руководитель проектов"/>
    </change>
    <change idref="r338" to="r192" to-position="27" resolved="yes">
      <change idref="r338" attribute="name" type="string" from="" to="Специалисты по управлению проектами"/>
    </change>
  </resource-change-set>
  <metadata-change-set user="Андрей Захаров" date="2024-03-16T12:33:43.335Z" timestamp="2024-03-16T12:33:43.335Z">
    <change idref="m1" attribute="fixedDate" type="date" from="2007-01-01T20:00:00.000Z" to="2024-03-15T21:00:00.000Z" resolved="yes"/>
    <change idref="m1" attribute="currencyName" type="string" to="1 234,56 RUB" resolved="yes"/>
  </metadata-change-set>
</changelog>
