<?xml version="1.0" encoding="UTF-8"?>
<omniplan xmlns="http://www.omnigroup.com/namespace/OmniPlan/v2" xmlns:opnx="http://www.omnigroup.com/namespace/OmniPlan/v2" file-format-version="2">
  <window x="48" y="178" w="2910" h="1454">
    <editing-scenario>bXQOSWc3yFW</editing-scenario>
    <view>task</view>
    <change-tracking/>
    <status-display>basic</status-display>
    <task-view>
      <split-view-divider-position>930</split-view-divider-position>
      <outline x="0" y="0" w="930" h="1376">
        <column name="Violations" width="20"/>
        <column name="Notes" width="20"/>
        <column name="Title" width="815"/>
        <column name="Effort" width="70"/>
        <expanded-items idrefs="t18 t61 t38 t49 t36 t19 t20 t67 t39 t40 t59 t48 t60 t37 t15 t41"/>
        <selected-items-at-filter-time idrefs="t58 t59 t66 t17 t73 t31 t24 t80 t67 t25 t18 t32 t81 t74 t82 t40 t33 t26 t19 t68 t75 t69 t41 t83 t27 t34 t76 t77 t28 t42 t84 t35 t78 t50 t85 t43 t36 t29 t79 t51 t37 t44 t45 t52 t38 t10 t7 t46 t11 t8 t60 t53 t39 t9 t61 t47 t12 t54 t48 t62 t20 t55 t13 t49 t21 t56 t63 t14 t70 t64 t15 t57 t22 t71 t72 t23 t30 t65 t16"/>
      </outline>
      <gantt-view x="-54" y="0" w="1963" h="1376">
        <view-mode>actual</view-mode>
        <dependency-lines/>
        <constraints/>
        <show-project-end/>
        <task-bar-label task-type="group" position="left">
          <key/>
        </task-bar-label>
        <task-bar-label task-type="group" position="center">
          <key/>
        </task-bar-label>
        <task-bar-label task-type="group" position="right">
          <key>Assigned</key>
        </task-bar-label>
        <task-bar-label task-type="milestone" position="left">
          <key/>
        </task-bar-label>
        <task-bar-label task-type="milestone" position="center">
          <key/>
        </task-bar-label>
        <task-bar-label task-type="milestone" position="right">
          <key>Assigned</key>
        </task-bar-label>
        <task-bar-label task-type="task" position="left">
          <key/>
        </task-bar-label>
        <task-bar-label task-type="task" position="center">
          <key/>
        </task-bar-label>
        <task-bar-label task-type="task" position="right">
          <key>Assigned</key>
        </task-bar-label>
        <scale scale-name="Automatic" full-day-width="300">
          <selected/>
        </scale>
        <scale scale-name="Day" full-day-width="1215"/>
        <scale scale-name="Hour" full-day-width="65880"/>
        <scale scale-name="Minute" full-day-width="64800"/>
        <scale scale-name="Month" full-day-width="34.5"/>
        <scale scale-name="Quarter" full-day-width="9.6"/>
        <scale scale-name="Week" full-day-width="162"/>
        <scale scale-name="Year" full-day-width="2.3625"/>
        <offtime-display>none</offtime-display>
      </gantt-view>
    </task-view>
    <resource-view>
      <split-view-divider-position>572</split-view-divider-position>
      <outline x="0" y="0" w="557" h="1376">
        <column name="Notes" width="20"/>
        <column name="Type" width="49"/>
        <column name="Resource" width="408"/>
        <column name="#" width="75"/>
        <expanded-items idrefs="r12"/>
        <selected-items-at-filter-time idrefs="r27 r84 r42 r35 r28 r281 r43 r36 r29 r2 r79 r44 r3 r37 r4 r282 r5 r45 r38 r10 r191 r6 r39 r46 r7 r11 r283 r8 r47 r12 r9 r192 r48 r13 r20 r284 r49 r14 r249 r22 r15 r278 r23 r16 r30 r17 r24 r313 r31 r279 r18 r32 r25 r314 r33 r19 r26 r40 r280 r83 r41 r34"/>
      </outline>
      <timeline x="-169" y="0" w="945" h="1376">
        <offtime-display>none</offtime-display>
        <show-project-end/>
        <task-bar-label task-type="group" position="left">
          <key>Title</key>
        </task-bar-label>
        <task-bar-label task-type="group" position="center">
          <key/>
        </task-bar-label>
        <task-bar-label task-type="group" position="right">
          <key/>
        </task-bar-label>
        <task-bar-label task-type="milestone" position="left">
          <key>Title</key>
        </task-bar-label>
        <task-bar-label task-type="milestone" position="center">
          <key/>
        </task-bar-label>
        <task-bar-label task-type="milestone" position="right">
          <key>Assigned</key>
        </task-bar-label>
        <task-bar-label task-type="task" position="left">
          <key>Title</key>
        </task-bar-label>
        <task-bar-label task-type="task" position="center">
          <key/>
        </task-bar-label>
        <task-bar-label task-type="task" position="right">
          <key/>
        </task-bar-label>
        <scale scale-name="Automatic" full-day-width="300">
          <selected/>
        </scale>
        <scale scale-name="Day" full-day-width="1215"/>
        <scale scale-name="Hour" full-day-width="65880"/>
        <scale scale-name="Minute" full-day-width="64800"/>
        <scale scale-name="Month" full-day-width="34.5"/>
        <scale scale-name="Quarter" full-day-width="9.6"/>
        <scale scale-name="Week" full-day-width="162"/>
        <scale scale-name="Year" full-day-width="2.3625"/>
      </timeline>
    </resource-view>
    <calendar>
      <split-view-divider-position>290</split-view-divider-position>
      <outline x="0" y="290" w="275" h="1352">
        <column name="Notes" width="20"/>
        <column name="Type" width="49"/>
        <column name="Resource" width="160"/>
        <column name="Custom Work Week" width="20"/>
        <column name="Schedule Exception" width="20"/>
        <expanded-items idrefs="r12"/>
      </outline>
    </calendar>
    <network-view>
      <network-view>
        <task-table-style>Title
Start:
End:
Effort:</task-table-style>
        <milestone-table-style>Title
End</milestone-table-style>
        <group-table-style>Title
Start:
End:</group-table-style>
      </network-view>
    </network-view>
  </window>
  <project>
    <next-task-id>86</next-task-id>
    <next-resource-id>343</next-resource-id>
    <scenario id="bXQOSWc3yFW" name="Actual" filename="Actual.xml"/>
    <date-display dates="true" times="true" seconds="false"/>
    <numbering-style>wbs</numbering-style>
    <critical-path-slack>0</critical-path-slack>
    <currency-format>1 234,56 RUB</currency-format>
    <duration-format hours-per-day="8" hours-per-week="40" hours-per-month="160" hours-per-year="1920" hours="true" days="true" weeks="true"/>
    <effort-format hours-per-day="8" hours-per-week="40" hours-per-month="160" hours-per-year="1920" hours="true" days="true" weeks="true"/>
    <base-style>
      <style/>
    </base-style>
    <column-title-style>
      <style>
        <value key="font-name">HelveticaNeue-Medium</value>
        <value key="font-size">12</value>
        <value key="font-weight">6</value>
        <value key="paragraph-alignment">center</value>
      </style>
    </column-title-style>
    <note-style>
      <style>
        <value key="font-fill">
          <color space="gg22" w="0.409218"/>
        </value>
        <value key="font-size">12</value>
      </style>
    </note-style>
    <standard-task-style>
      <style/>
    </standard-task-style>
    <overdue-task-style>
      <style/>
    </overdue-task-style>
    <completed-task-style>
      <style/>
    </completed-task-style>
    <group-task-style>
      <style/>
    </group-task-style>
    <milestone-task-style>
      <style/>
    </milestone-task-style>
    <resource-style>
      <style/>
    </resource-style>
    <not-editable-style>
      <style>
        <value key="font-fill">
          <color space="gg22" w="0.409218"/>
        </value>
      </style>
    </not-editable-style>
    <subscribe-refresh>0</subscribe-refresh>
    <leveling>
      <constrains-completion-date/>
    </leveling>
    <page-adornment>
      <master-page-headers>
        <header location="left">
          <text>
            <p>
              <run>
                <lit><cell variable="OPDocumentTitleVariableIdentifier"/></lit>
              </run>
            </p>
          </text>
        </header>
        <header location="right">
          <text>
            <p>
              <run>
                <lit><cell variable="OPPrintJobTimestampVariableIdentifier"/></lit>
              </run>
            </p>
          </text>
        </header>
        <footer location="left">
          <text>
            <p>
              <run>
                <lit><cell variable="OPDocumentFilenameVariableIdentifier"/></lit>
              </run>
            </p>
          </text>
        </footer>
        <footer location="right">
          <text>
            <p>
              <run>
                <lit><cell variable="OPPageNumberVariableIdentifier"/></lit>
              </run>
            </p>
          </text>
        </footer>
      </master-page-headers>
    </page-adornment>
    <publishing-client client-identifier="hdAOIG8QZXb" document-identifier="787"/>
  </project>
</omniplan>
