<?xml version="1.0" encoding="UTF-8"?>
<scenario xmlns="http://www.omnigroup.com/namespace/OmniPlan/v2" xmlns:opns="http://www.omnigroup.com/namespace/OmniPlan/v2" id="bXQOSWc3yFW">
  <start-date>2024-03-15T21:00:00.000Z</start-date>
  <prototype-task>
    <task id="t-2">
      <title>Task 1</title>
      <effort>28800</effort>
    </task>
  </prototype-task>
  <prototype-task>
    <task id="t-3">
      <title>Milestone 1</title>
      <type>milestone</type>
    </task>
  </prototype-task>
  <prototype-task>
    <task id="t-4">
      <title>Group 1</title>
      <type>group</type>
    </task>
  </prototype-task>
  <prototype-resource>
    <resource id="r-2">
      <name>Resource 1</name>
      <type>Staff</type>
    </resource>
  </prototype-resource>
  <prototype-resource>
    <resource id="r-3">
      <name>Equipment 1</name>
      <type>Equipment</type>
    </resource>
  </prototype-resource>
  <prototype-resource>
    <resource id="r-4">
      <name>Material 1</name>
      <type>Material</type>
      <units-available>0</units-available>
      <efficiency>0</efficiency>
    </resource>
  </prototype-resource>
  <prototype-resource>
    <resource id="r-5">
      <name>Group 1</name>
      <type>Group</type>
    </resource>
  </prototype-resource>
  <top-resource idref="r-1"/>
  <resource id="r-1">
    <name/>
    <type>Group</type>
    <child-resource idref="r12"/>
    <child-resource idref="r192"/>
  </resource>
  <resource id="r12">
    <name>Департамент разработки облачной платформы &apos;SkyNet&apos;</name>
    <type>Group</type>
    <child-resource idref="r25"/>
    <child-resource idref="r26"/>
    <child-resource idref="r27"/>
    <child-resource idref="r28"/>
    <child-resource idref="r29"/>
    <child-resource idref="r30"/>
    <child-resource idref="r31"/>
    <child-resource idref="r32"/>
    <child-resource idref="r33"/>
    <child-resource idref="r34"/>
    <child-resource idref="r35"/>
    <child-resource idref="r36"/>
    <child-resource idref="r37"/>
    <child-resource idref="r71"/>
    <child-resource idref="r39"/>
    <child-resource idref="r40"/>
    <child-resource idref="r41"/>
    <child-resource idref="r42"/>
    <child-resource idref="r43"/>
    <child-resource idref="r44"/>
    <child-resource idref="r45"/>
    <child-resource idref="r46"/>
    <child-resource idref="r47"/>
    <child-resource idref="r82"/>
    <child-resource idref="r83"/>
    <child-resource idref="r84"/>
    <child-resource idref="r48"/>
    <child-resource idref="r49"/>
  </resource>
  <resource id="r25">
    <name>Начальник департамента  &apos;SkyNet&apos;</name>
    <type>Staff</type>
  </resource>
  <resource id="r26">
    <name>Начальник отдела программирования</name>
    <type>Staff</type>
  </resource>
  <resource id="r27">
    <name>Заместитель начальника отдела программирования (сфера разработки)</name>
    <type>Staff</type>
  </resource>
  <resource id="r28">
    <name>Ведущий программист</name>
    <type>Staff</type>
  </resource>
  <resource id="r29">
    <name>Программист</name>
    <type>Staff</type>
  </resource>
  <resource id="r30">
    <name>Начальник отделения проектирования ПО</name>
    <type>Staff</type>
  </resource>
  <resource id="r31">
    <name>Заместитель начальника отделения (сфера проектирования)</name>
    <type>Staff</type>
  </resource>
  <resource id="r32">
    <name>Архитектор ПО</name>
    <type>Staff</type>
  </resource>
  <resource id="r33">
    <name>Системный аналитик</name>
    <type>Staff</type>
  </resource>
  <resource id="r34">
    <name>Дизайнер интерфейсов</name>
    <type>Staff</type>
  </resource>
  <resource id="r35">
    <name>Начальник группы сопровождения</name>
    <type>Staff</type>
  </resource>
  <resource id="r36">
    <name>Заместитель начальника группы сопровождения (сфера сопровождения)</name>
    <type>Staff</type>
  </resource>
  <resource id="r37">
    <name>Специалист по техническому сопровождению</name>
    <type>Staff</type>
  </resource>
  <resource id="r39">
    <name>Начальник группы тестирования</name>
    <type>Staff</type>
  </resource>
  <resource id="r40">
    <name>Заместитель начальника группы тестирования</name>
    <type>Staff</type>
  </resource>
  <resource id="r41">
    <name>Ведущий инженер по тестированию</name>
    <type>Staff</type>
  </resource>
  <resource id="r42">
    <name>Инженеры по тестированию</name>
    <type>Staff</type>
  </resource>
  <resource id="r43">
    <name>Начальник группы анализа требований</name>
    <type>Staff</type>
  </resource>
  <resource id="r44">
    <name>Заместитель начальник группы анализа требований</name>
    <type>Staff</type>
  </resource>
  <resource id="r45">
    <name>Аналитик требований</name>
    <type>Staff</type>
  </resource>
  <resource id="r46">
    <name>Начальник группы документирования</name>
    <type>Staff</type>
  </resource>
  <resource id="r47">
    <name>Заместитель начальник отдела управления проектами</name>
    <type>Staff</type>
  </resource>
  <resource id="r48">
    <name>Руководитель проектов</name>
    <type>Staff</type>
  </resource>
  <resource id="r49">
    <name>Специалисты по управлению проектами</name>
    <type>Staff</type>
  </resource>
  <resource id="r71">
    <name>Специалист по поддержке пользователей</name>
    <type>Staff</type>
  </resource>
  <resource id="r82">
    <name>Технические писатели (документация)</name>
    <type>Staff</type>
  </resource>
  <resource id="r83">
    <name>Начальник отдела управления проектами</name>
    <type>Staff</type>
  </resource>
  <resource id="r84">
    <name>Заместитель начальник отдела управления проектами</name>
    <type>Staff</type>
  </resource>
  <resource id="r192">
    <name>Департамент разработки системы искусственного интеллекта &apos;MindCraft&apos;1</name>
    <type>Group</type>
    <child-resource idref="r315"/>
    <child-resource idref="r316"/>
    <child-resource idref="r317"/>
    <child-resource idref="r318"/>
    <child-resource idref="r319"/>
    <child-resource idref="r320"/>
    <child-resource idref="r321"/>
    <child-resource idref="r322"/>
    <child-resource idref="r323"/>
    <child-resource idref="r324"/>
    <child-resource idref="r325"/>
    <child-resource idref="r326"/>
    <child-resource idref="r327"/>
    <child-resource idref="r339"/>
    <child-resource idref="r328"/>
    <child-resource idref="r329"/>
    <child-resource idref="r330"/>
    <child-resource idref="r331"/>
    <child-resource idref="r332"/>
    <child-resource idref="r333"/>
    <child-resource idref="r334"/>
    <child-resource idref="r335"/>
    <child-resource idref="r336"/>
    <child-resource idref="r340"/>
    <child-resource idref="r341"/>
    <child-resource idref="r342"/>
    <child-resource idref="r337"/>
    <child-resource idref="r338"/>
  </resource>
  <resource id="r315">
    <name>Начальник департамента  &apos;SkyNet&apos;</name>
    <type>Staff</type>
  </resource>
  <resource id="r316">
    <name>Начальник отдела программирования</name>
    <type>Staff</type>
  </resource>
  <resource id="r317">
    <name>Заместитель начальника отдела программирования (сфера разработки)</name>
    <type>Staff</type>
  </resource>
  <resource id="r318">
    <name>Ведущий программист</name>
    <type>Staff</type>
  </resource>
  <resource id="r319">
    <name>Программист</name>
    <type>Staff</type>
  </resource>
  <resource id="r320">
    <name>Начальник отделения проектирования ПО</name>
    <type>Staff</type>
  </resource>
  <resource id="r321">
    <name>Заместитель начальника отделения (сфера проектирования)</name>
    <type>Staff</type>
  </resource>
  <resource id="r322">
    <name>Архитектор ПО</name>
    <type>Staff</type>
  </resource>
  <resource id="r323">
    <name>Системный аналитик</name>
    <type>Staff</type>
  </resource>
  <resource id="r324">
    <name>Дизайнер интерфейсов</name>
    <type>Staff</type>
  </resource>
  <resource id="r325">
    <name>Начальник группы сопровождения</name>
    <type>Staff</type>
  </resource>
  <resource id="r326">
    <name>Заместитель начальника группы сопровождения (сфера сопровождения)</name>
    <type>Staff</type>
  </resource>
  <resource id="r327">
    <name>Специалист по техническому сопровождению</name>
    <type>Staff</type>
  </resource>
  <resource id="r328">
    <name>Начальник группы тестирования</name>
    <type>Staff</type>
  </resource>
  <resource id="r329">
    <name>Заместитель начальника группы тестирования</name>
    <type>Staff</type>
  </resource>
  <resource id="r330">
    <name>Ведущий инженер по тестированию</name>
    <type>Staff</type>
  </resource>
  <resource id="r331">
    <name>Инженеры по тестированию</name>
    <type>Staff</type>
  </resource>
  <resource id="r332">
    <name>Начальник группы анализа требований</name>
    <type>Staff</type>
  </resource>
  <resource id="r333">
    <name>Заместитель начальник группы анализа требований</name>
    <type>Staff</type>
  </resource>
  <resource id="r334">
    <name>Аналитик требований</name>
    <type>Staff</type>
  </resource>
  <resource id="r335">
    <name>Начальник группы документирования</name>
    <type>Staff</type>
  </resource>
  <resource id="r336">
    <name>Заместитель начальник отдела управления проектами</name>
    <type>Staff</type>
  </resource>
  <resource id="r337">
    <name>Руководитель проектов</name>
    <type>Staff</type>
  </resource>
  <resource id="r338">
    <name>Специалисты по управлению проектами</name>
    <type>Staff</type>
  </resource>
  <resource id="r339">
    <name>Специалист по поддержке пользователей</name>
    <type>Staff</type>
  </resource>
  <resource id="r340">
    <name>Технические писатели (документация)</name>
    <type>Staff</type>
  </resource>
  <resource id="r341">
    <name>Начальник отдела управления проектами</name>
    <type>Staff</type>
  </resource>
  <resource id="r342">
    <name>Заместитель начальник отдела управления проектами</name>
    <type>Staff</type>
  </resource>
  <top-task idref="t-1"/>
  <task id="t-1">
    <type>group</type>
    <child-task idref="t72"/>
    <child-task idref="t15"/>
    <child-task idref="t36"/>
    <child-task idref="t37"/>
    <child-task idref="t38"/>
    <child-task idref="t39"/>
  </task>
  <task id="t15">
    <title>Техническое задание</title>
    <type>group</type>
    <start-constraint-date>2024-03-18T05:00:00.000Z</start-constraint-date>
    <child-task idref="t18"/>
    <child-task idref="t19"/>
    <child-task idref="t20"/>
    <start-no-earlier-than>2024-03-18T05:00:00.000Z</start-no-earlier-than>
  </task>
  <task id="t18">
    <title>Обоснование необходимости разработки программы</title>
    <type>group</type>
    <start-constraint-date>2024-03-18T05:00:00.000Z</start-constraint-date>
    <child-task idref="t21"/>
    <child-task idref="t22"/>
    <child-task idref="t23"/>
    <child-task idref="t24"/>
    <child-task idref="t73"/>
    <start-no-earlier-than>2024-03-18T05:00:00.000Z</start-no-earlier-than>
  </task>
  <task id="t19">
    <title>Научно-исследовательские работы</title>
    <type>group</type>
    <start-constraint-date>2024-04-05T05:00:00.000Z</start-constraint-date>
    <child-task idref="t25"/>
    <child-task idref="t26"/>
    <child-task idref="t27"/>
    <child-task idref="t28"/>
    <child-task idref="t29"/>
    <child-task idref="t74"/>
    <prerequisite-task idref="t18"/>
    <start-no-earlier-than>2024-04-05T05:00:00.000Z</start-no-earlier-than>
  </task>
  <task id="t20">
    <title>Разработка и утверждение технического задания</title>
    <type>group</type>
    <start-constraint-date>2024-04-25T05:00:00.000Z</start-constraint-date>
    <child-task idref="t30"/>
    <child-task idref="t31"/>
    <child-task idref="t32"/>
    <child-task idref="t33"/>
    <child-task idref="t34"/>
    <child-task idref="t35"/>
    <child-task idref="t75"/>
    <prerequisite-task idref="t19"/>
    <start-no-earlier-than>2024-04-25T05:00:00.000Z</start-no-earlier-than>
  </task>
  <task id="t21">
    <title>Постановка задачи</title>
    <effort>144000</effort>
    <start-constraint-date>2024-03-18T05:15:00.000Z</start-constraint-date>
    <prerequisite-task idref="t72"/>
    <start-no-earlier-than>2024-03-18T05:15:00.000Z</start-no-earlier-than>
  </task>
  <task id="t22">
    <title>Сбор исходных материалов</title>
    <effort>115200</effort>
    <start-constraint-date>2024-03-25T05:00:00.000Z</start-constraint-date>
    <prerequisite-task idref="t21"/>
    <start-no-earlier-than>2024-03-25T05:00:00.000Z</start-no-earlier-than>
  </task>
  <task id="t23">
    <title>Выбор и обоснование критериев эффективности и качества разрабатываемой системы</title>
    <effort>144000</effort>
    <start-constraint-date>2024-03-29T05:00:00.000Z</start-constraint-date>
    <prerequisite-task idref="t22"/>
    <start-no-earlier-than>2024-03-29T05:00:00.000Z</start-no-earlier-than>
  </task>
  <task id="t24">
    <title>Обоснование необходимости проведения научно-исследовательских работ</title>
    <effort>57600</effort>
    <start-constraint-date>2024-04-03T05:00:00.000Z</start-constraint-date>
    <prerequisite-task idref="t23" kind="FF"/>
    <start-no-earlier-than>2024-04-03T05:00:00.000Z</start-no-earlier-than>
  </task>
  <task id="t25">
    <title>Определение структуры входных и выходных данных</title>
    <effort>115200</effort>
    <start-constraint-date>2024-04-05T05:00:00.000Z</start-constraint-date>
    <prerequisite-task idref="t73"/>
    <start-no-earlier-than>2024-04-05T05:00:00.000Z</start-no-earlier-than>
  </task>
  <task id="t26">
    <title>Предварительный выбор методов решения задач</title>
    <effort>86400</effort>
    <start-constraint-date>2024-04-11T05:00:00.000Z</start-constraint-date>
    <prerequisite-task idref="t25"/>
    <start-no-earlier-than>2024-04-11T05:00:00.000Z</start-no-earlier-than>
  </task>
  <task id="t27">
    <title>Обоснование целесообразности применения ранее разработанных программ </title>
    <effort>57600</effort>
    <start-constraint-date>2024-04-16T05:00:00.000Z</start-constraint-date>
    <prerequisite-task idref="t26"/>
    <start-no-earlier-than>2024-04-16T05:00:00.000Z</start-no-earlier-than>
  </task>
  <task id="t28">
    <title>Определение требований к техническим средствам </title>
    <effort>86400</effort>
    <start-constraint-date>2024-04-18T05:00:00.000Z</start-constraint-date>
    <prerequisite-task idref="t27"/>
    <start-no-earlier-than>2024-04-18T05:00:00.000Z</start-no-earlier-than>
  </task>
  <task id="t29">
    <title>Обоснование принципиальной возможности решения поставленной задачи</title>
    <effort>57600</effort>
    <start-constraint-date>2024-04-23T05:00:00.000Z</start-constraint-date>
    <prerequisite-task idref="t28"/>
    <start-no-earlier-than>2024-04-23T05:00:00.000Z</start-no-earlier-than>
  </task>
  <task id="t30">
    <title>Определение требований к программе</title>
    <effort>144000</effort>
    <start-constraint-date>2024-04-25T05:00:00.000Z</start-constraint-date>
    <prerequisite-task idref="t74"/>
    <start-no-earlier-than>2024-04-25T05:00:00.000Z</start-no-earlier-than>
  </task>
  <task id="t31">
    <title>Разработка технико-экономического обоснования разработки программы</title>
    <effort>86400</effort>
    <start-constraint-date>2024-05-02T05:00:00.000Z</start-constraint-date>
    <prerequisite-task idref="t30"/>
    <start-no-earlier-than>2024-05-02T05:00:00.000Z</start-no-earlier-than>
  </task>
  <task id="t32">
    <title>Определение стадий, этапов и сроков разработки программы и документации на нее</title>
    <effort>86400</effort>
    <start-constraint-date>2024-05-07T05:00:00.000Z</start-constraint-date>
    <prerequisite-task idref="t31"/>
    <start-no-earlier-than>2024-05-07T05:00:00.000Z</start-no-earlier-than>
  </task>
  <task id="t33">
    <title>Выбор языков программирования</title>
    <effort>57600</effort>
    <start-constraint-date>2024-05-10T05:00:00.000Z</start-constraint-date>
    <prerequisite-task idref="t32"/>
    <start-no-earlier-than>2024-05-10T05:00:00.000Z</start-no-earlier-than>
  </task>
  <task id="t34">
    <title>Определение необходимости проведения научно-исследовательских работ на последующих стадиях</title>
    <effort>28800</effort>
    <start-constraint-date>2024-05-14T05:00:00.000Z</start-constraint-date>
    <prerequisite-task idref="t33"/>
    <start-no-earlier-than>2024-05-14T05:00:00.000Z</start-no-earlier-than>
  </task>
  <task id="t35">
    <title>Согласование и утверждение технического задания</title>
    <effort>144000</effort>
    <start-constraint-date>2024-05-15T05:00:00.000Z</start-constraint-date>
    <prerequisite-task idref="t34"/>
    <start-no-earlier-than>2024-05-15T05:00:00.000Z</start-no-earlier-than>
  </task>
  <task id="t36">
    <title>Эскизный проект</title>
    <type>group</type>
    <start-constraint-date>2024-05-22T05:00:00.000Z</start-constraint-date>
    <child-task idref="t40"/>
    <child-task idref="t41"/>
    <prerequisite-task idref="t15"/>
    <start-no-earlier-than>2024-05-22T05:00:00.000Z</start-no-earlier-than>
  </task>
  <task id="t37">
    <title>Технический проект</title>
    <type>group</type>
    <start-constraint-date>2024-07-10T05:00:00.000Z</start-constraint-date>
    <child-task idref="t48"/>
    <child-task idref="t49"/>
    <prerequisite-task idref="t36"/>
    <start-no-earlier-than>2024-07-10T05:00:00.000Z</start-no-earlier-than>
  </task>
  <task id="t38">
    <title>Рабочий проект</title>
    <type>group</type>
    <start-constraint-date>2024-10-02T05:00:00.000Z</start-constraint-date>
    <child-task idref="t59"/>
    <child-task idref="t60"/>
    <child-task idref="t61"/>
    <prerequisite-task idref="t37"/>
    <start-no-earlier-than>2024-10-02T05:00:00.000Z</start-no-earlier-than>
  </task>
  <task id="t39">
    <title>Внедрение</title>
    <type>group</type>
    <start-constraint-date>2024-12-19T05:00:00.000Z</start-constraint-date>
    <child-task idref="t67"/>
    <prerequisite-task idref="t38"/>
    <start-no-earlier-than>2024-12-19T05:00:00.000Z</start-no-earlier-than>
  </task>
  <task id="t40">
    <title>Разработка эскизного проекта</title>
    <type>group</type>
    <start-constraint-date>2024-05-22T05:00:00.000Z</start-constraint-date>
    <child-task idref="t42"/>
    <child-task idref="t43"/>
    <child-task idref="t44"/>
    <child-task idref="t45"/>
    <child-task idref="t76"/>
    <start-no-earlier-than>2024-05-22T05:00:00.000Z</start-no-earlier-than>
  </task>
  <task id="t41">
    <title>Утверждение эскизного проекта</title>
    <type>group</type>
    <start-constraint-date>2024-07-01T05:00:00.000Z</start-constraint-date>
    <child-task idref="t46"/>
    <child-task idref="t47"/>
    <child-task idref="t77"/>
    <prerequisite-task idref="t40"/>
    <start-no-earlier-than>2024-07-01T05:00:00.000Z</start-no-earlier-than>
  </task>
  <task id="t42">
    <title>Предварительная разработка структуры входных и выходных данных</title>
    <effort>230400</effort>
    <start-constraint-date>2024-05-22T05:00:00.000Z</start-constraint-date>
    <prerequisite-task idref="t75"/>
    <start-no-earlier-than>2024-05-22T05:00:00.000Z</start-no-earlier-than>
  </task>
  <task id="t43">
    <title>Уточнение методов решения задачи</title>
    <effort>57600</effort>
    <start-constraint-date>2024-06-03T05:00:00.000Z</start-constraint-date>
    <prerequisite-task idref="t42"/>
    <start-no-earlier-than>2024-06-03T05:00:00.000Z</start-no-earlier-than>
  </task>
  <task id="t44">
    <title>Разработка общего описания алгоритма решения задачи</title>
    <effort>403200</effort>
    <start-constraint-date>2024-06-05T05:00:00.000Z</start-constraint-date>
    <prerequisite-task idref="t43"/>
    <start-no-earlier-than>2024-06-05T05:00:00.000Z</start-no-earlier-than>
  </task>
  <task id="t45">
    <title>Разработка технико-экономического обоснования</title>
    <effort>115200</effort>
    <start-constraint-date>2024-06-25T05:00:00.000Z</start-constraint-date>
    <prerequisite-task idref="t44"/>
    <start-no-earlier-than>2024-06-25T05:00:00.000Z</start-no-earlier-than>
  </task>
  <task id="t46">
    <title>Разработка пояснительной записки</title>
    <effort>86400</effort>
    <start-constraint-date>2024-07-01T05:00:00.000Z</start-constraint-date>
    <prerequisite-task idref="t76"/>
    <start-no-earlier-than>2024-07-01T05:00:00.000Z</start-no-earlier-than>
  </task>
  <task id="t47">
    <title>Согласование и утверждение эскизного проекта</title>
    <effort>115200</effort>
    <start-constraint-date>2024-07-04T05:00:00.000Z</start-constraint-date>
    <prerequisite-task idref="t46"/>
    <start-no-earlier-than>2024-07-04T05:00:00.000Z</start-no-earlier-than>
  </task>
  <task id="t48">
    <title>Разработка технического проекта</title>
    <type>group</type>
    <start-constraint-date>2024-07-10T05:00:00.000Z</start-constraint-date>
    <child-task idref="t50"/>
    <child-task idref="t51"/>
    <child-task idref="t52"/>
    <child-task idref="t53"/>
    <child-task idref="t54"/>
    <child-task idref="t55"/>
    <child-task idref="t78"/>
    <start-no-earlier-than>2024-07-10T05:00:00.000Z</start-no-earlier-than>
  </task>
  <task id="t49">
    <title>Утверждение технического проекта</title>
    <type>group</type>
    <start-constraint-date>2024-09-19T05:00:00.000Z</start-constraint-date>
    <child-task idref="t56"/>
    <child-task idref="t57"/>
    <child-task idref="t58"/>
    <child-task idref="t79"/>
    <prerequisite-task idref="t48"/>
    <start-no-earlier-than>2024-09-19T05:00:00.000Z</start-no-earlier-than>
  </task>
  <task id="t50">
    <title>Уточнение структуры входных и выходных данных</title>
    <effort>57600</effort>
    <start-constraint-date>2024-07-10T05:00:00.000Z</start-constraint-date>
    <prerequisite-task idref="t77"/>
    <start-no-earlier-than>2024-07-10T05:00:00.000Z</start-no-earlier-than>
  </task>
  <task id="t51">
    <title>Разработка алгоритма решения задачи</title>
    <effort>576000</effort>
    <start-constraint-date>2024-07-12T05:00:00.000Z</start-constraint-date>
    <prerequisite-task idref="t50"/>
    <start-no-earlier-than>2024-07-12T05:00:00.000Z</start-no-earlier-than>
  </task>
  <task id="t52">
    <title>Определение формы представления входных и выходных данных</title>
    <effort>57600</effort>
    <start-constraint-date>2024-08-09T05:00:00.000Z</start-constraint-date>
    <prerequisite-task idref="t51"/>
    <start-no-earlier-than>2024-08-09T05:00:00.000Z</start-no-earlier-than>
  </task>
  <task id="t53">
    <title>Определение семантики и синтаксиса языка</title>
    <effort>86400</effort>
    <start-constraint-date>2024-08-13T05:00:00.000Z</start-constraint-date>
    <prerequisite-task idref="t52"/>
    <start-no-earlier-than>2024-08-13T05:00:00.000Z</start-no-earlier-than>
  </task>
  <task id="t54">
    <title>Разработка структуры программы</title>
    <effort>633600</effort>
    <start-constraint-date>2024-08-16T05:00:00.000Z</start-constraint-date>
    <prerequisite-task idref="t53"/>
    <start-no-earlier-than>2024-08-16T05:00:00.000Z</start-no-earlier-than>
  </task>
  <task id="t55">
    <title>Окончательное определение конфигурации технических средств</title>
    <effort>57600</effort>
    <start-constraint-date>2024-09-17T05:00:00.000Z</start-constraint-date>
    <prerequisite-task idref="t54"/>
    <start-no-earlier-than>2024-09-17T05:00:00.000Z</start-no-earlier-than>
  </task>
  <task id="t56">
    <title>Разработка плана мероприятий по разработке и внедрению программ</title>
    <effort>57600</effort>
    <start-constraint-date>2024-09-19T05:00:00.000Z</start-constraint-date>
    <prerequisite-task idref="t78"/>
    <start-no-earlier-than>2024-09-19T05:00:00.000Z</start-no-earlier-than>
  </task>
  <task id="t57">
    <title>Разработка пояснительной записки </title>
    <effort>57600</effort>
    <start-constraint-date>2024-09-23T05:00:00.000Z</start-constraint-date>
    <prerequisite-task idref="t56"/>
    <start-no-earlier-than>2024-09-23T05:00:00.000Z</start-no-earlier-than>
  </task>
  <task id="t58">
    <title>Согласование и утверждение технического проекта</title>
    <effort>144000</effort>
    <start-constraint-date>2024-09-25T05:00:00.000Z</start-constraint-date>
    <prerequisite-task idref="t57"/>
    <start-no-earlier-than>2024-09-25T05:00:00.000Z</start-no-earlier-than>
  </task>
  <task id="t59">
    <title>Разработка программы</title>
    <type>group</type>
    <start-constraint-date>2024-10-02T05:00:00.000Z</start-constraint-date>
    <child-task idref="t62"/>
    <child-task idref="t81"/>
    <start-no-earlier-than>2024-10-02T05:00:00.000Z</start-no-earlier-than>
  </task>
  <task id="t60">
    <title>Разработка программной документации</title>
    <type>group</type>
    <start-constraint-date>2024-11-06T05:00:00.000Z</start-constraint-date>
    <child-task idref="t63"/>
    <child-task idref="t82"/>
    <prerequisite-task idref="t59"/>
    <start-no-earlier-than>2024-11-06T05:00:00.000Z</start-no-earlier-than>
  </task>
  <task id="t61">
    <title>Испытания программы</title>
    <type>group</type>
    <start-constraint-date>2024-11-12T05:00:00.000Z</start-constraint-date>
    <child-task idref="t64"/>
    <child-task idref="t65"/>
    <child-task idref="t66"/>
    <child-task idref="t83"/>
    <prerequisite-task idref="t60"/>
    <start-no-earlier-than>2024-11-12T05:00:00.000Z</start-no-earlier-than>
  </task>
  <task id="t62">
    <title>Программирование и отладка программы</title>
    <effort>720000</effort>
    <start-constraint-date>2024-10-02T05:00:00.000Z</start-constraint-date>
    <prerequisite-task idref="t79"/>
    <start-no-earlier-than>2024-10-02T05:00:00.000Z</start-no-earlier-than>
  </task>
  <task id="t63">
    <title>Разработка программных документов в соответствии с требованиями ГОСТ 19.101-77</title>
    <effort>115200</effort>
    <start-constraint-date>2024-11-06T05:00:00.000Z</start-constraint-date>
    <prerequisite-task idref="t81"/>
    <start-no-earlier-than>2024-11-06T05:00:00.000Z</start-no-earlier-than>
  </task>
  <task id="t64">
    <title>Разработка, согласование и утверждение порядка и методики испытаний </title>
    <effort>57600</effort>
    <start-constraint-date>2024-11-12T05:00:00.000Z</start-constraint-date>
    <prerequisite-task idref="t82"/>
    <start-no-earlier-than>2024-11-12T05:00:00.000Z</start-no-earlier-than>
  </task>
  <task id="t65">
    <title>Проведение предварительных государственных, межведомственных, приёмо-сдаточных и других видов испытаний</title>
    <effort>432000</effort>
    <start-constraint-date>2024-11-14T05:00:00.000Z</start-constraint-date>
    <prerequisite-task idref="t64"/>
    <start-no-earlier-than>2024-11-14T05:00:00.000Z</start-no-earlier-than>
  </task>
  <task id="t66">
    <title>Корректировка программы и программной документации по результатам испытаний</title>
    <effort>288000</effort>
    <start-constraint-date>2024-12-05T05:00:00.000Z</start-constraint-date>
    <prerequisite-task idref="t65"/>
    <start-no-earlier-than>2024-12-05T05:00:00.000Z</start-no-earlier-than>
  </task>
  <task id="t67">
    <title>Подготовка и передача программы</title>
    <type>group</type>
    <start-constraint-date>2024-12-19T05:00:00.000Z</start-constraint-date>
    <child-task idref="t68"/>
    <child-task idref="t69"/>
    <child-task idref="t70"/>
    <child-task idref="t84"/>
    <start-no-earlier-than>2024-12-19T05:00:00.000Z</start-no-earlier-than>
  </task>
  <task id="t68">
    <title>Подготовка и передача программы и программной документации для сопровождения и (или) изготовления</title>
    <effort>144000</effort>
    <start-constraint-date>2024-12-19T05:00:00.000Z</start-constraint-date>
    <prerequisite-task idref="t83"/>
    <start-no-earlier-than>2024-12-19T05:00:00.000Z</start-no-earlier-than>
  </task>
  <task id="t69">
    <title>Оформление и утверждение акта о передаче программы на сопровождение и (или) изготовление</title>
    <effort>144000</effort>
    <start-constraint-date>2024-12-19T05:00:00.000Z</start-constraint-date>
    <prerequisite-task idref="t68" kind="SS"/>
    <start-no-earlier-than>2024-12-19T05:00:00.000Z</start-no-earlier-than>
  </task>
  <task id="t70">
    <title>Передача программы в фонд алгоритмов и программ</title>
    <effort>144000</effort>
    <start-constraint-date>2024-12-26T05:00:00.000Z</start-constraint-date>
    <prerequisite-task idref="t69"/>
    <start-no-earlier-than>2024-12-26T05:00:00.000Z</start-no-earlier-than>
  </task>
  <task id="t72">
    <title>Начало разработки &apos;SkyNet&apos;</title>
    <type>milestone</type>
    <start-constraint-date>2024-03-18T05:00:00.000Z</start-constraint-date>
    <start-no-earlier-than>2024-03-18T05:00:00.000Z</start-no-earlier-than>
  </task>
  <task id="t73">
    <title>Завершение обоснований необходимости разработки</title>
    <type>milestone</type>
    <start-constraint-date>2024-04-04T13:45:00.000Z</start-constraint-date>
    <prerequisite-task idref="t24"/>
    <start-no-earlier-than>2024-04-04T13:45:00.000Z</start-no-earlier-than>
  </task>
  <task id="t74">
    <title>Завершение научно-исследовательских работ</title>
    <type>milestone</type>
    <start-constraint-date>2024-04-24T13:45:00.000Z</start-constraint-date>
    <prerequisite-task idref="t29"/>
    <start-no-earlier-than>2024-04-24T13:45:00.000Z</start-no-earlier-than>
  </task>
  <task id="t75">
    <title>Завершение разработки и утверждения технического задания</title>
    <type>milestone</type>
    <start-constraint-date>2024-05-21T13:45:00.000Z</start-constraint-date>
    <prerequisite-task idref="t35"/>
    <start-no-earlier-than>2024-05-21T13:45:00.000Z</start-no-earlier-than>
  </task>
  <task id="t76">
    <title>Завершение разработки эскизного проекта</title>
    <type>milestone</type>
    <start-constraint-date>2024-06-28T13:45:00.000Z</start-constraint-date>
    <prerequisite-task idref="t45"/>
    <start-no-earlier-than>2024-06-28T13:45:00.000Z</start-no-earlier-than>
  </task>
  <task id="t77">
    <title>Завершение утверждения эскизного проекта</title>
    <type>milestone</type>
    <start-constraint-date>2024-07-09T13:45:00.000Z</start-constraint-date>
    <prerequisite-task idref="t47"/>
    <start-no-earlier-than>2024-07-09T13:45:00.000Z</start-no-earlier-than>
  </task>
  <task id="t78">
    <title>Завершение разработки технического проекта </title>
    <type>milestone</type>
    <start-constraint-date>2024-09-18T13:45:00.000Z</start-constraint-date>
    <prerequisite-task idref="t55"/>
    <start-no-earlier-than>2024-09-18T13:45:00.000Z</start-no-earlier-than>
  </task>
  <task id="t79">
    <title>Завершение утверждения технического проекта</title>
    <type>milestone</type>
    <start-constraint-date>2024-10-01T13:45:00.000Z</start-constraint-date>
    <prerequisite-task idref="t58"/>
    <start-no-earlier-than>2024-10-01T13:45:00.000Z</start-no-earlier-than>
  </task>
  <task id="t81">
    <title>Завершение разработки программы</title>
    <type>milestone</type>
    <start-constraint-date>2024-11-05T13:45:00.000Z</start-constraint-date>
    <prerequisite-task idref="t62"/>
    <start-no-earlier-than>2024-11-05T13:45:00.000Z</start-no-earlier-than>
  </task>
  <task id="t82">
    <title>Завершение разработки программной документации</title>
    <type>milestone</type>
    <start-constraint-date>2024-11-11T13:45:00.000Z</start-constraint-date>
    <prerequisite-task idref="t63"/>
    <start-no-earlier-than>2024-11-11T13:45:00.000Z</start-no-earlier-than>
  </task>
  <task id="t83">
    <title>Завершение испытаний программы</title>
    <type>milestone</type>
    <start-constraint-date>2024-12-18T13:45:00.000Z</start-constraint-date>
    <prerequisite-task idref="t66"/>
    <start-no-earlier-than>2024-12-18T13:45:00.000Z</start-no-earlier-than>
  </task>
  <task id="t84">
    <title>Завершение подготовки и передачи программы</title>
    <type>milestone</type>
    <start-constraint-date>2025-01-01T13:45:00.000Z</start-constraint-date>
    <prerequisite-task idref="t70"/>
    <start-no-earlier-than>2025-01-01T13:45:00.000Z</start-no-earlier-than>
  </task>
  <critical-path root="-1" enabled="false" resources="false">
    <color space="srgb" r="1" g="0.5" b="0.5"/>
  </critical-path>
</scenario>
