<?xml version="1.0" encoding="UTF-8"?>
<changelog xmlns="http://www.omnigroup.com/namespace/OmniPlan/v2">
  <version>2.1</version>
  <task-change-set user="Андрей Захаров" date="2024-03-28T11:45:40.153Z" timestamp="2024-03-28T11:45:40.153Z">
    <change idref="t39" from="t-1" from-position="5" resolved="yes">
      <change idref="t39" attribute="internalPrerequisitesString" type="string" from="" to="38FS"/>
      <change idref="t39" attribute="isGroup" type="real" from="0" to="1"/>
      <change idref="t39" attribute="noEarlierThanConstraintDate" type="date" to="2024-12-19T05:00:00.000Z"/>
      <change idref="t39" attribute="taskType" type="real" from="0" to="2"/>
      <change idref="t39" attribute="title" type="string" to="Внедрение"/>
    </change>
    <change idref="t38" from="t-1" from-position="4" resolved="yes">
      <change idref="t38" attribute="internalPrerequisitesString" type="string" from="" to="37FS"/>
      <change idref="t38" attribute="isGroup" type="real" from="0" to="1"/>
      <change idref="t38" attribute="noEarlierThanConstraintDate" type="date" to="2024-10-02T05:00:00.000Z"/>
      <change idref="t38" attribute="taskType" type="real" from="0" to="2"/>
      <change idref="t38" attribute="title" type="string" to="Рабочий проект"/>
    </change>
    <change idref="t37" from="t-1" from-position="3" resolved="yes">
      <change idref="t37" attribute="internalPrerequisitesString" type="string" from="" to="36FS"/>
      <change idref="t37" attribute="isGroup" type="real" from="0" to="1"/>
      <change idref="t37" attribute="noEarlierThanConstraintDate" type="date" to="2024-07-10T05:00:00.000Z"/>
      <change idref="t37" attribute="taskType" type="real" from="0" to="2"/>
      <change idref="t37" attribute="title" type="string" to="Технический проект"/>
    </change>
    <change idref="t36" from="t-1" from-position="2" resolved="yes">
      <change idref="t36" attribute="internalPrerequisitesString" type="string" from="" to="15FS"/>
      <change idref="t36" attribute="isGroup" type="real" from="0" to="1"/>
      <change idref="t36" attribute="noEarlierThanConstraintDate" type="date" to="2024-05-22T05:00:00.000Z"/>
      <change idref="t36" attribute="taskType" type="real" from="0" to="2"/>
      <change idref="t36" attribute="title" type="string" to="Эскизный проект"/>
    </change>
    <change idref="t15" from="t-1" from-position="1" resolved="yes">
      <change idref="t15" attribute="isGroup" type="real" from="0" to="1"/>
      <change idref="t15" attribute="noEarlierThanConstraintDate" type="date" to="2024-03-18T05:00:00.000Z"/>
      <change idref="t15" attribute="taskType" type="real" from="0" to="2"/>
      <change idref="t15" attribute="title" type="string" to="Техническое задание"/>
    </change>
    <change idref="t72" from="t-1" from-position="0" resolved="yes">
      <change idref="t72" attribute="effort" type="real" from="28800" to="0"/>
      <change idref="t72" attribute="isSplittableTask" type="real" from="1" to="0"/>
      <change idref="t72" attribute="noEarlierThanConstraintDate" type="date" to="2024-03-18T05:00:00.000Z"/>
      <change idref="t72" attribute="percentCompleteForMilestone" type="real" to="0"/>
      <change idref="t72" attribute="taskType" type="real" from="0" to="1"/>
      <change idref="t72" attribute="title" type="string" to="Начало разработки &apos;SkyNet&apos;"/>
    </change>
    <change idref="t86" to="t-1" to-position="0" resolved="yes">
      <change idref="t86" attribute="isGroup" type="real" from="0" to="1"/>
      <change idref="t86" attribute="noEarlierThanConstraintDate" type="date" to="2024-03-28T05:00:00.000Z"/>
      <change idref="t86" attribute="taskType" type="real" from="0" to="2"/>
      <change idref="t86" attribute="title" type="string" to="Подготовительное планирование и анализ"/>
    </change>
    <change idref="t88" to="t-1" to-position="1" resolved="yes">
      <change idref="t88" attribute="internalPrerequisitesString" type="string" from="" to="86FS"/>
      <change idref="t88" attribute="isGroup" type="real" from="0" to="1"/>
      <change idref="t88" attribute="noEarlierThanConstraintDate" type="date" to="2024-03-29T05:00:00.000Z"/>
      <change idref="t88" attribute="taskType" type="real" from="0" to="2"/>
      <change idref="t88" attribute="title" type="string" to="Проектирование и разработка "/>
    </change>
    <change idref="t89" to="t-1" to-position="2" resolved="yes">
      <change idref="t89" attribute="internalPrerequisitesString" type="string" from="" to="88FS"/>
      <change idref="t89" attribute="isGroup" type="real" from="0" to="1"/>
      <change idref="t89" attribute="noEarlierThanConstraintDate" type="date" to="2024-04-01T05:00:00.000Z"/>
      <change idref="t89" attribute="taskType" type="real" from="0" to="2"/>
      <change idref="t89" attribute="title" type="string" to="Завершение проекта и поддержка "/>
    </change>
    <change idref="t87" to="t86" to-position="0" resolved="yes">
      <change idref="t87" attribute="noEarlierThanConstraintDate" type="date" to="2024-03-28T05:00:00.000Z"/>
      <change idref="t87" attribute="title" type="string" to=" Анализ требований"/>
    </change>
    <change idref="t90" to="t86" to-position="1" resolved="yes">
      <change idref="t90" attribute="effort" type="real" from="28800" to="0"/>
      <change idref="t90" attribute="noEarlierThanConstraintDate" type="date" to="2024-03-28T05:00:00.000Z"/>
      <change idref="t90" attribute="title" type="string" to="Исследование осуществимости"/>
    </change>
    <change idref="t91" to="t86" to-position="2" resolved="yes">
      <change idref="t91" attribute="noEarlierThanConstraintDate" type="date" to="2024-03-28T05:00:00.000Z"/>
      <change idref="t91" attribute="title" type="string" to="Определение первоначальных границ проекта"/>
    </change>
    <change idref="t92" to="t86" to-position="3" resolved="yes">
      <change idref="t92" attribute="noEarlierThanConstraintDate" type="date" to="2024-03-28T05:00:00.000Z"/>
      <change idref="t92" attribute="title" type="string" to="Планирование проекта"/>
    </change>
    <change idref="t93" to="t86" to-position="4" resolved="yes">
      <change idref="t93" attribute="noEarlierThanConstraintDate" type="date" to="2024-03-28T05:00:00.000Z"/>
      <change idref="t93" attribute="title" type="string" to="Предварительное техническое планирование"/>
    </change>
    <change idref="t94" to="t88" to-position="0" resolved="yes">
      <change idref="t94" attribute="noEarlierThanConstraintDate" type="date" to="2024-03-29T05:00:00.000Z"/>
      <change idref="t94" attribute="title" type="string" to="Детальное проектирование"/>
    </change>
    <change idref="t95" to="t88" to-position="1" resolved="yes">
      <change idref="t95" attribute="noEarlierThanConstraintDate" type="date" to="2024-03-29T05:00:00.000Z"/>
      <change idref="t95" attribute="title" type="string" to="Разработка и внедрение"/>
    </change>
    <change idref="t96" to="t88" to-position="2" resolved="yes">
      <change idref="t96" attribute="noEarlierThanConstraintDate" type="date" to="2024-03-29T05:00:00.000Z"/>
      <change idref="t96" attribute="title" type="string" to="Обеспечение качества и тестирование"/>
    </change>
    <change idref="t97" to="t88" to-position="3" resolved="yes">
      <change idref="t97" attribute="noEarlierThanConstraintDate" type="date" to="2024-03-29T05:00:00.000Z"/>
      <change idref="t97" attribute="title" type="string" to="Документация и обучение пользователей"/>
    </change>
    <change idref="t98" to="t88" to-position="4" resolved="yes">
      <change idref="t98" attribute="noEarlierThanConstraintDate" type="date" to="2024-03-29T05:00:00.000Z"/>
      <change idref="t98" attribute="title" type="string" to="Планирование развертывания"/>
    </change>
    <change idref="t99" to="t89" to-position="0" resolved="yes">
      <change idref="t99" attribute="effort" type="real" from="28800" to="0"/>
      <change idref="t99" attribute="noEarlierThanConstraintDate" type="date" to="2024-04-01T05:00:00.000Z"/>
      <change idref="t99" attribute="title" type="string" to="Переход к поддержке"/>
    </change>
    <change idref="t104" to="t89" to-position="1" resolved="yes">
      <change idref="t104" attribute="effort" type="real" from="28800" to="0"/>
      <change idref="t104" attribute="noEarlierThanConstraintDate" type="date" to="2024-04-01T05:00:00.000Z"/>
      <change idref="t104" attribute="title" type="string" to="Управление релизами"/>
    </change>
    <change idref="t105" to="t89" to-position="2" resolved="yes">
      <change idref="t105" attribute="noEarlierThanConstraintDate" type="date" to="2024-04-01T05:00:00.000Z"/>
      <change idref="t105" attribute="title" type="string" to="Стратегия долгосрочной поддержки"/>
    </change>
    <change idref="t106" to="t89" to-position="3" resolved="yes">
      <change idref="t106" attribute="effort" type="real" from="28800" to="3600"/>
      <change idref="t106" attribute="noEarlierThanConstraintDate" type="date" to="2024-04-01T05:00:00.000Z"/>
      <change idref="t106" attribute="title" type="string" to="Оценка проекта и его закрытие"/>
    </change>
    <change idref="t107" to="t89" to-position="4" resolved="yes">
      <change idref="t107" attribute="noEarlierThanConstraintDate" type="date" to="2024-04-01T05:00:00.000Z"/>
      <change idref="t107" attribute="title" type="string" to="Планирование устойчивости и развития"/>
    </change>
  </task-change-set>
  <task-change-set user="Андрей Захаров" date="2024-03-28T12:08:44.402Z" timestamp="2024-03-28T12:08:44.402Z">
    <change idref="t87" attribute="isGroup" type="real" from="0" to="1" resolved="yes"/>
    <change idref="t87" attribute="multiResourceWorkType" type="real" from="0" resolved="yes"/>
    <change idref="t87" attribute="isSplittableTask" type="real" from="1" resolved="yes"/>
    <change idref="t87" attribute="taskType" type="real" from="0" to="2" resolved="yes"/>
    <change idref="t87" attribute="resourceAssignmentType" type="real" from="0" resolved="yes"/>
    <change idref="t87" attribute="staticCost" type="real" from="0" resolved="yes"/>
    <change idref="t87" attribute="effort" type="real" from="28800" resolved="yes"/>
    <change idref="t87" attribute="isSplitChunk" type="real" from="0" resolved="yes"/>
    <change idref="t87" attribute="scheduleType" type="real" from="0" resolved="yes"/>
    <change idref="t87" attribute="internalAssignments" type="string" from="" resolved="yes"/>
    <change idref="t87" attribute="isSplitTask" type="real" from="0" resolved="yes"/>
    <change idref="t87" attribute="internalEffortDone" type="real" from="0" resolved="yes"/>
    <change idref="t108" to="t87" to-position="0" resolved="yes">
      <change idref="t108" attribute="noEarlierThanConstraintDate" type="date" to="2024-03-28T05:15:00.000Z"/>
      <change idref="t108" attribute="title" type="string" to="Выявление пользовательских и системных требований "/>
    </change>
    <change idref="t109" to="t87" to-position="1" resolved="yes">
      <change idref="t109" attribute="internalPrerequisitesString" type="string" from="" to="108FS"/>
      <change idref="t109" attribute="noEarlierThanConstraintDate" type="date" to="2024-03-29T05:15:00.000Z"/>
      <change idref="t109" attribute="title" type="string" to="Приоритизация и классификация требований "/>
    </change>
    <change idref="t110" to="t87" to-position="2" resolved="yes">
      <change idref="t110" attribute="internalPrerequisitesString" type="string" from="" to="109FS"/>
      <change idref="t110" attribute="noEarlierThanConstraintDate" type="date" to="2024-04-01T05:15:00.000Z"/>
      <change idref="t110" attribute="title" type="string" to="Проверка достоверности требований "/>
    </change>
    <change idref="t111" to="t87" to-position="3" resolved="yes">
      <change idref="t111" attribute="internalPrerequisitesString" type="string" from="" to="110FS"/>
      <change idref="t111" attribute="noEarlierThanConstraintDate" type="date" to="2024-04-02T05:15:00.000Z"/>
      <change idref="t111" attribute="title" type="string" to="Документирование спецификаций требований "/>
    </change>
    <change idref="t112" to="t87" to-position="4" resolved="yes">
      <change idref="t112" attribute="internalPrerequisitesString" type="string" from="" to="111FS"/>
      <change idref="t112" attribute="noEarlierThanConstraintDate" type="date" to="2024-04-03T05:15:00.000Z"/>
      <change idref="t112" attribute="title" type="string" to="Утверждение комитетом по управлению проектом "/>
    </change>
    <change idref="t88" attribute="noEarlierThanConstraintDate" type="date" from="2024-03-29T05:00:00.000Z" to="2024-05-02T05:00:00.000Z" resolved="yes"/>
    <change idref="t89" attribute="noEarlierThanConstraintDate" type="date" from="2024-04-01T05:00:00.000Z" to="2024-06-06T05:00:00.000Z" resolved="yes"/>
    <change idref="t90" attribute="isGroup" type="real" from="0" to="1" resolved="yes"/>
    <change idref="t90" attribute="multiResourceWorkType" type="real" from="0" resolved="yes"/>
    <change idref="t90" attribute="isSplittableTask" type="real" from="1" resolved="yes"/>
    <change idref="t90" attribute="internalPrerequisitesString" type="string" from="" to="87FS" resolved="yes"/>
    <change idref="t90" attribute="taskType" type="real" from="0" to="2" resolved="yes"/>
    <change idref="t90" attribute="resourceAssignmentType" type="real" from="0" resolved="yes"/>
    <change idref="t90" attribute="staticCost" type="real" from="0" resolved="yes"/>
    <change idref="t90" attribute="effort" type="real" from="0" resolved="yes"/>
    <change idref="t90" attribute="isSplitChunk" type="real" from="0" resolved="yes"/>
    <change idref="t90" attribute="scheduleType" type="real" from="0" resolved="yes"/>
    <change idref="t90" attribute="noEarlierThanConstraintDate" type="date" from="2024-03-28T05:00:00.000Z" to="2024-04-04T05:00:00.000Z" resolved="yes"/>
    <change idref="t90" attribute="internalAssignments" type="string" from="" resolved="yes"/>
    <change idref="t90" attribute="isSplitTask" type="real" from="0" resolved="yes"/>
    <change idref="t90" attribute="internalEffortDone" type="real" from="0" resolved="yes"/>
    <change idref="t113" to="t90" to-position="0" resolved="yes">
      <change idref="t113" attribute="noEarlierThanConstraintDate" type="date" to="2024-04-04T05:00:00.000Z"/>
      <change idref="t113" attribute="title" type="string" to="Оценка технической осуществимости "/>
    </change>
    <change idref="t114" to="t90" to-position="1" resolved="yes">
      <change idref="t114" attribute="internalPrerequisitesString" type="string" from="" to="113FS"/>
      <change idref="t114" attribute="noEarlierThanConstraintDate" type="date" to="2024-04-05T05:00:00.000Z"/>
      <change idref="t114" attribute="title" type="string" to="Экономический анализ (анализ затрат и выгод)"/>
    </change>
    <change idref="t115" to="t90" to-position="2" resolved="yes">
      <change idref="t115" attribute="internalPrerequisitesString" type="string" from="" to="114FS"/>
      <change idref="t115" attribute="noEarlierThanConstraintDate" type="date" to="2024-04-08T05:00:00.000Z"/>
      <change idref="t115" attribute="title" type="string" to="Рассмотрение юридической и операционной осуществимости "/>
    </change>
    <change idref="t116" to="t90" to-position="3" resolved="yes">
      <change idref="t116" attribute="internalPrerequisitesString" type="string" from="" to="115FS"/>
      <change idref="t116" attribute="noEarlierThanConstraintDate" type="date" to="2024-04-09T05:00:00.000Z"/>
      <change idref="t116" attribute="title" type="string" to="Анализ рисков и планирование управления ими "/>
    </change>
    <change idref="t117" to="t90" to-position="4" resolved="yes">
      <change idref="t117" attribute="internalPrerequisitesString" type="string" from="" to="116FS"/>
      <change idref="t117" attribute="noEarlierThanConstraintDate" type="date" to="2024-04-10T05:00:00.000Z"/>
      <change idref="t117" attribute="title" type="string" to="Создание и утверждение отчёта по осуществимости "/>
    </change>
    <change idref="t91" attribute="isGroup" type="real" from="0" to="1" resolved="yes"/>
    <change idref="t91" attribute="multiResourceWorkType" type="real" from="0" resolved="yes"/>
    <change idref="t91" attribute="isSplittableTask" type="real" from="1" resolved="yes"/>
    <change idref="t91" attribute="internalPrerequisitesString" type="string" from="" to="90FS" resolved="yes"/>
    <change idref="t91" attribute="taskType" type="real" from="0" to="2" resolved="yes"/>
    <change idref="t91" attribute="resourceAssignmentType" type="real" from="0" resolved="yes"/>
    <change idref="t91" attribute="staticCost" type="real" from="0" resolved="yes"/>
    <change idref="t91" attribute="effort" type="real" from="28800" resolved="yes"/>
    <change idref="t91" attribute="isSplitChunk" type="real" from="0" resolved="yes"/>
    <change idref="t91" attribute="scheduleType" type="real" from="0" resolved="yes"/>
    <change idref="t91" attribute="noEarlierThanConstraintDate" type="date" from="2024-03-28T05:00:00.000Z" to="2024-04-11T05:00:00.000Z" resolved="yes"/>
    <change idref="t91" attribute="internalAssignments" type="string" from="" resolved="yes"/>
    <change idref="t91" attribute="isSplitTask" type="real" from="0" resolved="yes"/>
    <change idref="t91" attribute="internalEffortDone" type="real" from="0" resolved="yes"/>
    <change idref="t118" to="t91" to-position="0" resolved="yes">
      <change idref="t118" attribute="noEarlierThanConstraintDate" type="date" to="2024-04-11T05:00:00.000Z"/>
      <change idref="t118" attribute="title" type="string" to="Определение границ проекта "/>
    </change>
    <change idref="t119" to="t91" to-position="1" resolved="yes">
      <change idref="t119" attribute="internalPrerequisitesString" type="string" from="" to="118FS"/>
      <change idref="t119" attribute="noEarlierThanConstraintDate" type="date" to="2024-04-12T05:00:00.000Z"/>
      <change idref="t119" attribute="title" type="string" to="Разработка целей проекта "/>
    </change>
    <change idref="t120" to="t91" to-position="2" resolved="yes">
      <change idref="t120" attribute="internalPrerequisitesString" type="string" from="" to="119FS"/>
      <change idref="t120" attribute="noEarlierThanConstraintDate" type="date" to="2024-04-15T05:00:00.000Z"/>
      <change idref="t120" attribute="title" type="string" to="Идентификация результатов проекта "/>
    </change>
    <change idref="t121" to="t91" to-position="3" resolved="yes">
      <change idref="t121" attribute="internalPrerequisitesString" type="string" from="" to="120FS"/>
      <change idref="t121" attribute="noEarlierThanConstraintDate" type="date" to="2024-04-16T05:00:00.000Z"/>
      <change idref="t121" attribute="title" type="string" to="Создание структуры разбивки работ (СРР)"/>
    </change>
    <change idref="t122" to="t91" to-position="4" resolved="yes">
      <change idref="t122" attribute="internalPrerequisitesString" type="string" from="" to="121FS"/>
      <change idref="t122" attribute="noEarlierThanConstraintDate" type="date" to="2024-04-17T05:00:00.000Z"/>
      <change idref="t122" attribute="title" type="string" to="Установка и управление базовым уровнем содержания проекта "/>
    </change>
    <change idref="t92" attribute="isGroup" type="real" from="0" to="1" resolved="yes"/>
    <change idref="t92" attribute="multiResourceWorkType" type="real" from="0" resolved="yes"/>
    <change idref="t92" attribute="isSplittableTask" type="real" from="1" resolved="yes"/>
    <change idref="t92" attribute="internalPrerequisitesString" type="string" from="" to="91FS" resolved="yes"/>
    <change idref="t92" attribute="taskType" type="real" from="0" to="2" resolved="yes"/>
    <change idref="t92" attribute="resourceAssignmentType" type="real" from="0" resolved="yes"/>
    <change idref="t92" attribute="staticCost" type="real" from="0" resolved="yes"/>
    <change idref="t92" attribute="effort" type="real" from="28800" resolved="yes"/>
    <change idref="t92" attribute="isSplitChunk" type="real" from="0" resolved="yes"/>
    <change idref="t92" attribute="scheduleType" type="real" from="0" resolved="yes"/>
    <change idref="t92" attribute="noEarlierThanConstraintDate" type="date" from="2024-03-28T05:00:00.000Z" to="2024-04-18T05:00:00.000Z" resolved="yes"/>
    <change idref="t92" attribute="internalAssignments" type="string" from="" resolved="yes"/>
    <change idref="t92" attribute="isSplitTask" type="real" from="0" resolved="yes"/>
    <change idref="t92" attribute="internalEffortDone" type="real" from="0" resolved="yes"/>
    <change idref="t123" to="t92" to-position="0" resolved="yes">
      <change idref="t123" attribute="noEarlierThanConstraintDate" type="date" to="2024-04-18T05:00:00.000Z"/>
      <change idref="t123" attribute="title" type="string" to="Определение фаз проекта и ключевых точек "/>
    </change>
    <change idref="t124" to="t92" to-position="1" resolved="yes">
      <change idref="t124" attribute="internalPrerequisitesString" type="string" from="" to="123FS"/>
      <change idref="t124" attribute="noEarlierThanConstraintDate" type="date" to="2024-04-19T05:00:00.000Z"/>
      <change idref="t124" attribute="title" type="string" to="Разработка первоначального временного графика проекта "/>
    </change>
    <change idref="t125" to="t92" to-position="2" resolved="yes">
      <change idref="t125" attribute="internalPrerequisitesString" type="string" from="" to="124FS"/>
      <change idref="t125" attribute="noEarlierThanConstraintDate" type="date" to="2024-04-22T05:00:00.000Z"/>
      <change idref="t125" attribute="title" type="string" to="Распределение ресурсов и бюджета "/>
    </change>
    <change idref="t126" to="t92" to-position="3" resolved="yes">
      <change idref="t126" attribute="internalPrerequisitesString" type="string" from="" to="125FS"/>
      <change idref="t126" attribute="noEarlierThanConstraintDate" type="date" to="2024-04-23T05:00:00.000Z"/>
      <change idref="t126" attribute="title" type="string" to="Установка плана коммуникаций "/>
    </change>
    <change idref="t127" to="t92" to-position="4" resolved="yes">
      <change idref="t127" attribute="internalPrerequisitesString" type="string" from="" to="126FS"/>
      <change idref="t127" attribute="noEarlierThanConstraintDate" type="date" to="2024-04-24T05:00:00.000Z"/>
      <change idref="t127" attribute="title" type="string" to="Внедрение инструментов планирования проекта "/>
    </change>
    <change idref="t93" attribute="isGroup" type="real" from="0" to="1" resolved="yes"/>
    <change idref="t93" attribute="multiResourceWorkType" type="real" from="0" resolved="yes"/>
    <change idref="t93" attribute="isSplittableTask" type="real" from="1" resolved="yes"/>
    <change idref="t93" attribute="internalPrerequisitesString" type="string" from="" to="92FS" resolved="yes"/>
    <change idref="t93" attribute="taskType" type="real" from="0" to="2" resolved="yes"/>
    <change idref="t93" attribute="resourceAssignmentType" type="real" from="0" resolved="yes"/>
    <change idref="t93" attribute="staticCost" type="real" from="0" resolved="yes"/>
    <change idref="t93" attribute="effort" type="real" from="28800" resolved="yes"/>
    <change idref="t93" attribute="isSplitChunk" type="real" from="0" resolved="yes"/>
    <change idref="t93" attribute="scheduleType" type="real" from="0" resolved="yes"/>
    <change idref="t93" attribute="noEarlierThanConstraintDate" type="date" from="2024-03-28T05:00:00.000Z" to="2024-04-25T05:00:00.000Z" resolved="yes"/>
    <change idref="t93" attribute="internalAssignments" type="string" from="" resolved="yes"/>
    <change idref="t93" attribute="isSplitTask" type="real" from="0" resolved="yes"/>
    <change idref="t93" attribute="internalEffortDone" type="real" from="0" resolved="yes"/>
    <change idref="t128" to="t93" to-position="0" resolved="yes">
      <change idref="t128" attribute="noEarlierThanConstraintDate" type="date" to="2024-04-25T05:00:00.000Z"/>
      <change idref="t128" attribute="title" type="string" to="Выбор технологического стека "/>
    </change>
    <change idref="t129" to="t93" to-position="1" resolved="yes">
      <change idref="t129" attribute="internalPrerequisitesString" type="string" from="" to="128FS"/>
      <change idref="t129" attribute="noEarlierThanConstraintDate" type="date" to="2024-04-26T05:00:00.000Z"/>
      <change idref="t129" attribute="title" type="string" to="Начальное проектирование архитектуры "/>
    </change>
    <change idref="t130" to="t93" to-position="2" resolved="yes">
      <change idref="t130" attribute="internalPrerequisitesString" type="string" from="" to="129FS"/>
      <change idref="t130" attribute="noEarlierThanConstraintDate" type="date" to="2024-04-29T05:00:00.000Z"/>
      <change idref="t130" attribute="title" type="string" to="Выбор методологий разработки (Agile, Waterfall)"/>
    </change>
    <change idref="t131" to="t93" to-position="3" resolved="yes">
      <change idref="t131" attribute="internalPrerequisitesString" type="string" from="" to="130FS"/>
      <change idref="t131" attribute="noEarlierThanConstraintDate" type="date" to="2024-04-30T05:00:00.000Z"/>
      <change idref="t131" attribute="title" type="string" to="Проверка соответствия и регулирование "/>
    </change>
    <change idref="t132" to="t93" to-position="4" resolved="yes">
      <change idref="t132" attribute="internalPrerequisitesString" type="string" from="" to="131FS"/>
      <change idref="t132" attribute="noEarlierThanConstraintDate" type="date" to="2024-05-01T05:00:00.000Z"/>
      <change idref="t132" attribute="title" type="string" to="Подготовка и обзор предварительного проектного документа "/>
    </change>
    <change idref="t94" attribute="isGroup" type="real" from="0" to="1" resolved="yes"/>
    <change idref="t94" attribute="multiResourceWorkType" type="real" from="0" resolved="yes"/>
    <change idref="t94" attribute="isSplittableTask" type="real" from="1" resolved="yes"/>
    <change idref="t94" attribute="taskType" type="real" from="0" to="2" resolved="yes"/>
    <change idref="t94" attribute="resourceAssignmentType" type="real" from="0" resolved="yes"/>
    <change idref="t94" attribute="staticCost" type="real" from="0" resolved="yes"/>
    <change idref="t94" attribute="effort" type="real" from="28800" resolved="yes"/>
    <change idref="t94" attribute="isSplitChunk" type="real" from="0" resolved="yes"/>
    <change idref="t94" attribute="scheduleType" type="real" from="0" resolved="yes"/>
    <change idref="t94" attribute="noEarlierThanConstraintDate" type="date" from="2024-03-29T05:00:00.000Z" to="2024-05-02T05:00:00.000Z" resolved="yes"/>
    <change idref="t94" attribute="internalAssignments" type="string" from="" resolved="yes"/>
    <change idref="t94" attribute="isSplitTask" type="real" from="0" resolved="yes"/>
    <change idref="t94" attribute="internalEffortDone" type="real" from="0" resolved="yes"/>
    <change idref="t133" to="t94" to-position="0" resolved="yes">
      <change idref="t133" attribute="noEarlierThanConstraintDate" type="date" to="2024-05-02T05:00:00.000Z"/>
      <change idref="t133" attribute="title" type="string" to="Разработка архитектуры ПО "/>
    </change>
    <change idref="t134" to="t94" to-position="1" resolved="yes">
      <change idref="t134" attribute="internalPrerequisitesString" type="string" from="" to="133FS"/>
      <change idref="t134" attribute="noEarlierThanConstraintDate" type="date" to="2024-05-03T05:00:00.000Z"/>
      <change idref="t134" attribute="title" type="string" to="Дизайн интерфейса и создание прототипов "/>
    </change>
    <change idref="t135" to="t94" to-position="2" resolved="yes">
      <change idref="t135" attribute="internalPrerequisitesString" type="string" from="" to="134FS"/>
      <change idref="t135" attribute="noEarlierThanConstraintDate" type="date" to="2024-05-06T05:00:00.000Z"/>
      <change idref="t135" attribute="title" type="string" to="Создание подробных технических спецификаций "/>
    </change>
    <change idref="t136" to="t94" to-position="3" resolved="yes">
      <change idref="t136" attribute="internalPrerequisitesString" type="string" from="" to="135FS"/>
      <change idref="t136" attribute="noEarlierThanConstraintDate" type="date" to="2024-05-07T05:00:00.000Z"/>
      <change idref="t136" attribute="title" type="string" to="Проверка безопасности и соответствия стандартам "/>
    </change>
    <change idref="t137" to="t94" to-position="4" resolved="yes">
      <change idref="t137" attribute="internalPrerequisitesString" type="string" from="" to="136FS"/>
      <change idref="t137" attribute="noEarlierThanConstraintDate" type="date" to="2024-05-08T05:00:00.000Z"/>
      <change idref="t137" attribute="title" type="string" to="Проверка дизайна и обзор заинтересованными сторонами "/>
    </change>
    <change idref="t95" attribute="isGroup" type="real" from="0" to="1" resolved="yes"/>
    <change idref="t95" attribute="multiResourceWorkType" type="real" from="0" resolved="yes"/>
    <change idref="t95" attribute="isSplittableTask" type="real" from="1" resolved="yes"/>
    <change idref="t95" attribute="internalPrerequisitesString" type="string" from="" to="94FS" resolved="yes"/>
    <change idref="t95" attribute="taskType" type="real" from="0" to="2" resolved="yes"/>
    <change idref="t95" attribute="resourceAssignmentType" type="real" from="0" resolved="yes"/>
    <change idref="t95" attribute="staticCost" type="real" from="0" resolved="yes"/>
    <change idref="t95" attribute="effort" type="real" from="28800" resolved="yes"/>
    <change idref="t95" attribute="isSplitChunk" type="real" from="0" resolved="yes"/>
    <change idref="t95" attribute="scheduleType" type="real" from="0" resolved="yes"/>
    <change idref="t95" attribute="noEarlierThanConstraintDate" type="date" from="2024-03-29T05:00:00.000Z" to="2024-05-09T05:00:00.000Z" resolved="yes"/>
    <change idref="t95" attribute="internalAssignments" type="string" from="" resolved="yes"/>
    <change idref="t95" attribute="isSplitTask" type="real" from="0" resolved="yes"/>
    <change idref="t95" attribute="internalEffortDone" type="real" from="0" resolved="yes"/>
    <change idref="t138" to="t95" to-position="0" resolved="yes">
      <change idref="t138" attribute="noEarlierThanConstraintDate" type="date" to="2024-05-09T05:00:00.000Z"/>
      <change idref="t138" attribute="title" type="string" to="Настройка среды разработки и системы контроля версий "/>
    </change>
    <change idref="t139" to="t95" to-position="1" resolved="yes">
      <change idref="t139" attribute="internalPrerequisitesString" type="string" from="" to="138FS"/>
      <change idref="t139" attribute="noEarlierThanConstraintDate" type="date" to="2024-05-10T05:00:00.000Z"/>
      <change idref="t139" attribute="title" type="string" to="Кодирование и реализация функций "/>
    </change>
    <change idref="t140" to="t95" to-position="2" resolved="yes">
      <change idref="t140" attribute="internalPrerequisitesString" type="string" from="" to="139FS"/>
      <change idref="t140" attribute="noEarlierThanConstraintDate" type="date" to="2024-05-13T05:00:00.000Z"/>
      <change idref="t140" attribute="title" type="string" to="Настройка непрерывной интеграции и развертывания "/>
    </change>
    <change idref="t141" to="t95" to-position="3" resolved="yes">
      <change idref="t141" attribute="internalPrerequisitesString" type="string" from="" to="140FS"/>
      <change idref="t141" attribute="noEarlierThanConstraintDate" type="date" to="2024-05-14T05:00:00.000Z"/>
      <change idref="t141" attribute="title" type="string" to="Рецензирование и анализ кода "/>
    </change>
    <change idref="t142" to="t95" to-position="4" resolved="yes">
      <change idref="t142" attribute="internalPrerequisitesString" type="string" from="" to="141FS"/>
      <change idref="t142" attribute="noEarlierThanConstraintDate" type="date" to="2024-05-15T05:00:00.000Z"/>
      <change idref="t142" attribute="title" type="string" to="Документирование процессов разработки "/>
    </change>
    <change idref="t96" attribute="isGroup" type="real" from="0" to="1" resolved="yes"/>
    <change idref="t96" attribute="multiResourceWorkType" type="real" from="0" resolved="yes"/>
    <change idref="t96" attribute="isSplittableTask" type="real" from="1" resolved="yes"/>
    <change idref="t96" attribute="internalPrerequisitesString" type="string" from="" to="95FS" resolved="yes"/>
    <change idref="t96" attribute="taskType" type="real" from="0" to="2" resolved="yes"/>
    <change idref="t96" attribute="resourceAssignmentType" type="real" from="0" resolved="yes"/>
    <change idref="t96" attribute="staticCost" type="real" from="0" resolved="yes"/>
    <change idref="t96" attribute="effort" type="real" from="28800" resolved="yes"/>
    <change idref="t96" attribute="isSplitChunk" type="real" from="0" resolved="yes"/>
    <change idref="t96" attribute="scheduleType" type="real" from="0" resolved="yes"/>
    <change idref="t96" attribute="noEarlierThanConstraintDate" type="date" from="2024-03-29T05:00:00.000Z" to="2024-05-16T05:00:00.000Z" resolved="yes"/>
    <change idref="t96" attribute="internalAssignments" type="string" from="" resolved="yes"/>
    <change idref="t96" attribute="isSplitTask" type="real" from="0" resolved="yes"/>
    <change idref="t96" attribute="internalEffortDone" type="real" from="0" resolved="yes"/>
    <change idref="t143" to="t96" to-position="0" resolved="yes">
      <change idref="t143" attribute="noEarlierThanConstraintDate" type="date" to="2024-05-16T05:00:00.000Z"/>
      <change idref="t143" attribute="title" type="string" to="Разработка планов и сценариев тестирования "/>
    </change>
    <change idref="t144" to="t96" to-position="1" resolved="yes">
      <change idref="t144" attribute="internalPrerequisitesString" type="string" from="" to="143FS"/>
      <change idref="t144" attribute="noEarlierThanConstraintDate" type="date" to="2024-05-17T05:00:00.000Z"/>
      <change idref="t144" attribute="title" type="string" to="Выполнение модульного, интеграционного и системного тестирования "/>
    </change>
    <change idref="t145" to="t96" to-position="2" resolved="yes">
      <change idref="t145" attribute="internalPrerequisitesString" type="string" from="" to="144FS"/>
      <change idref="t145" attribute="noEarlierThanConstraintDate" type="date" to="2024-05-20T05:00:00.000Z"/>
      <change idref="t145" attribute="title" type="string" to="Тестирование производительности и оптимизация "/>
    </change>
    <change idref="t146" to="t96" to-position="3" resolved="yes">
      <change idref="t146" attribute="internalPrerequisitesString" type="string" from="" to="145FS"/>
      <change idref="t146" attribute="noEarlierThanConstraintDate" type="date" to="2024-05-21T05:00:00.000Z"/>
      <change idref="t146" attribute="title" type="string" to="Оценка уязвимостей безопасности и устранение недостатков "/>
    </change>
    <change idref="t147" to="t96" to-position="4" resolved="yes">
      <change idref="t147" attribute="internalPrerequisitesString" type="string" from="" to="146FS"/>
      <change idref="t147" attribute="noEarlierThanConstraintDate" type="date" to="2024-05-22T05:00:00.000Z"/>
      <change idref="t147" attribute="title" type="string" to="Координация приёмочного тестирования пользователей "/>
    </change>
    <change idref="t97" attribute="isGroup" type="real" from="0" to="1" resolved="yes"/>
    <change idref="t97" attribute="multiResourceWorkType" type="real" from="0" resolved="yes"/>
    <change idref="t97" attribute="isSplittableTask" type="real" from="1" resolved="yes"/>
    <change idref="t97" attribute="internalPrerequisitesString" type="string" from="" to="96FS" resolved="yes"/>
    <change idref="t97" attribute="taskType" type="real" from="0" to="2" resolved="yes"/>
    <change idref="t97" attribute="resourceAssignmentType" type="real" from="0" resolved="yes"/>
    <change idref="t97" attribute="staticCost" type="real" from="0" resolved="yes"/>
    <change idref="t97" attribute="effort" type="real" from="28800" resolved="yes"/>
    <change idref="t97" attribute="isSplitChunk" type="real" from="0" resolved="yes"/>
    <change idref="t97" attribute="scheduleType" type="real" from="0" resolved="yes"/>
    <change idref="t97" attribute="noEarlierThanConstraintDate" type="date" from="2024-03-29T05:00:00.000Z" to="2024-05-23T05:00:00.000Z" resolved="yes"/>
    <change idref="t97" attribute="internalAssignments" type="string" from="" resolved="yes"/>
    <change idref="t97" attribute="isSplitTask" type="real" from="0" resolved="yes"/>
    <change idref="t97" attribute="internalEffortDone" type="real" from="0" resolved="yes"/>
    <change idref="t148" to="t97" to-position="0" resolved="yes">
      <change idref="t148" attribute="noEarlierThanConstraintDate" type="date" to="2024-05-23T05:00:00.000Z"/>
      <change idref="t148" attribute="title" type="string" to="Создание руководств пользователя и справочных материалов "/>
    </change>
    <change idref="t149" to="t97" to-position="1" resolved="yes">
      <change idref="t149" attribute="internalPrerequisitesString" type="string" from="" to="148FS"/>
      <change idref="t149" attribute="noEarlierThanConstraintDate" type="date" to="2024-05-24T05:00:00.000Z"/>
      <change idref="t149" attribute="title" type="string" to="Разработка учебных материалов и туториалов "/>
    </change>
    <change idref="t150" to="t97" to-position="2" resolved="yes">
      <change idref="t150" attribute="internalPrerequisitesString" type="string" from="" to="149FS"/>
      <change idref="t150" attribute="noEarlierThanConstraintDate" type="date" to="2024-05-27T05:00:00.000Z"/>
      <change idref="t150" attribute="title" type="string" to="Проведение обучающих сессий для пользователей "/>
    </change>
    <change idref="t151" to="t97" to-position="3" resolved="yes">
      <change idref="t151" attribute="internalPrerequisitesString" type="string" from="" to="150FS"/>
      <change idref="t151" attribute="noEarlierThanConstraintDate" type="date" to="2024-05-28T05:00:00.000Z"/>
      <change idref="t151" attribute="title" type="string" to="Настройка службы поддержки и каналов помощи "/>
    </change>
    <change idref="t152" to="t97" to-position="4" resolved="yes">
      <change idref="t152" attribute="internalPrerequisitesString" type="string" from="" to="151FS"/>
      <change idref="t152" attribute="noEarlierThanConstraintDate" type="date" to="2024-05-29T05:00:00.000Z"/>
      <change idref="t152" attribute="title" type="string" to="Сбор и внедрение обратной связи от пользователей "/>
    </change>
    <change idref="t98" attribute="isGroup" type="real" from="0" to="1" resolved="yes"/>
    <change idref="t98" attribute="multiResourceWorkType" type="real" from="0" resolved="yes"/>
    <change idref="t98" attribute="isSplittableTask" type="real" from="1" resolved="yes"/>
    <change idref="t98" attribute="internalPrerequisitesString" type="string" from="" to="97FS" resolved="yes"/>
    <change idref="t98" attribute="taskType" type="real" from="0" to="2" resolved="yes"/>
    <change idref="t98" attribute="resourceAssignmentType" type="real" from="0" resolved="yes"/>
    <change idref="t98" attribute="staticCost" type="real" from="0" resolved="yes"/>
    <change idref="t98" attribute="effort" type="real" from="28800" resolved="yes"/>
    <change idref="t98" attribute="isSplitChunk" type="real" from="0" resolved="yes"/>
    <change idref="t98" attribute="scheduleType" type="real" from="0" resolved="yes"/>
    <change idref="t98" attribute="noEarlierThanConstraintDate" type="date" from="2024-03-29T05:00:00.000Z" to="2024-05-30T05:00:00.000Z" resolved="yes"/>
    <change idref="t98" attribute="internalAssignments" type="string" from="" resolved="yes"/>
    <change idref="t98" attribute="isSplitTask" type="real" from="0" resolved="yes"/>
    <change idref="t98" attribute="internalEffortDone" type="real" from="0" resolved="yes"/>
    <change idref="t153" to="t98" to-position="0" resolved="yes">
      <change idref="t153" attribute="noEarlierThanConstraintDate" type="date" to="2024-05-30T05:00:00.000Z"/>
      <change idref="t153" attribute="title" type="string" to="Планирование циклов выпуска и стратегий развертывания "/>
    </change>
    <change idref="t154" to="t98" to-position="1" resolved="yes">
      <change idref="t154" attribute="internalPrerequisitesString" type="string" from="" to="153FS"/>
      <change idref="t154" attribute="noEarlierThanConstraintDate" type="date" to="2024-05-31T05:00:00.000Z"/>
      <change idref="t154" attribute="title" type="string" to="Подготовка среды для стейджинга и продакшена "/>
    </change>
    <change idref="t155" to="t98" to-position="2" resolved="yes">
      <change idref="t155" attribute="internalPrerequisitesString" type="string" from="" to="154FS"/>
      <change idref="t155" attribute="noEarlierThanConstraintDate" type="date" to="2024-06-03T05:00:00.000Z"/>
      <change idref="t155" attribute="title" type="string" to="Стратегии миграции данных и резервного копирования "/>
    </change>
    <change idref="t156" to="t98" to-position="3" resolved="yes">
      <change idref="t156" attribute="internalPrerequisitesString" type="string" from="" to="155FS"/>
      <change idref="t156" attribute="noEarlierThanConstraintDate" type="date" to="2024-06-04T05:00:00.000Z"/>
      <change idref="t156" attribute="title" type="string" to="Подготовка чек-листа запуска и подготовка к запуску "/>
    </change>
    <change idref="t157" to="t98" to-position="4" resolved="yes">
      <change idref="t157" attribute="internalPrerequisitesString" type="string" from="" to="156FS"/>
      <change idref="t157" attribute="noEarlierThanConstraintDate" type="date" to="2024-06-05T05:00:00.000Z"/>
      <change idref="t157" attribute="title" type="string" to="Планирование послерелизной поддержки "/>
    </change>
    <change idref="t99" attribute="isGroup" type="real" from="0" to="1" resolved="yes"/>
    <change idref="t99" attribute="multiResourceWorkType" type="real" from="0" resolved="yes"/>
    <change idref="t99" attribute="isSplittableTask" type="real" from="1" resolved="yes"/>
    <change idref="t99" attribute="taskType" type="real" from="0" to="2" resolved="yes"/>
    <change idref="t99" attribute="resourceAssignmentType" type="real" from="0" resolved="yes"/>
    <change idref="t99" attribute="staticCost" type="real" from="0" resolved="yes"/>
    <change idref="t99" attribute="effort" type="real" from="0" resolved="yes"/>
    <change idref="t99" attribute="isSplitChunk" type="real" from="0" resolved="yes"/>
    <change idref="t99" attribute="scheduleType" type="real" from="0" resolved="yes"/>
    <change idref="t99" attribute="noEarlierThanConstraintDate" type="date" from="2024-04-01T05:00:00.000Z" to="2024-06-06T05:00:00.000Z" resolved="yes"/>
    <change idref="t99" attribute="internalAssignments" type="string" from="" resolved="yes"/>
    <change idref="t99" attribute="isSplitTask" type="real" from="0" resolved="yes"/>
    <change idref="t99" attribute="internalEffortDone" type="real" from="0" resolved="yes"/>
    <change idref="t158" to="t99" to-position="0" resolved="yes">
      <change idref="t158" attribute="noEarlierThanConstraintDate" type="date" to="2024-06-06T05:00:00.000Z"/>
      <change idref="t158" attribute="title" type="string" to="Финальный аудит системы и обзор производительности "/>
    </change>
    <change idref="t159" to="t99" to-position="1" resolved="yes">
      <change idref="t159" attribute="internalPrerequisitesString" type="string" from="" to="158FS"/>
      <change idref="t159" attribute="noEarlierThanConstraintDate" type="date" to="2024-06-07T05:00:00.000Z"/>
      <change idref="t159" attribute="title" type="string" to="Передача артефактов проекта команде поддержки "/>
    </change>
    <change idref="t160" to="t99" to-position="2" resolved="yes">
      <change idref="t160" attribute="internalPrerequisitesString" type="string" from="" to="159FS"/>
      <change idref="t160" attribute="noEarlierThanConstraintDate" type="date" to="2024-06-10T05:00:00.000Z"/>
      <change idref="t160" attribute="title" type="string" to="Завершение соглашений о поддержке и SLA "/>
    </change>
    <change idref="t161" to="t99" to-position="3" resolved="yes">
      <change idref="t161" attribute="internalPrerequisitesString" type="string" from="" to="160FS"/>
      <change idref="t161" attribute="noEarlierThanConstraintDate" type="date" to="2024-06-11T05:00:00.000Z"/>
      <change idref="t161" attribute="title" type="string" to="Передача знаний и сессии документирования "/>
    </change>
    <change idref="t162" to="t99" to-position="4" resolved="yes">
      <change idref="t162" attribute="internalPrerequisitesString" type="string" from="" to="161FS"/>
      <change idref="t162" attribute="noEarlierThanConstraintDate" type="date" to="2024-06-12T05:00:00.000Z"/>
      <change idref="t162" attribute="title" type="string" to="Заключительные собрания и ретроспектива проекта "/>
    </change>
    <change idref="t104" attribute="isGroup" type="real" from="0" to="1" resolved="yes"/>
    <change idref="t104" attribute="multiResourceWorkType" type="real" from="0" resolved="yes"/>
    <change idref="t104" attribute="isSplittableTask" type="real" from="1" resolved="yes"/>
    <change idref="t104" attribute="internalPrerequisitesString" type="string" from="" to="99FS" resolved="yes"/>
    <change idref="t104" attribute="taskType" type="real" from="0" to="2" resolved="yes"/>
    <change idref="t104" attribute="resourceAssignmentType" type="real" from="0" resolved="yes"/>
    <change idref="t104" attribute="staticCost" type="real" from="0" resolved="yes"/>
    <change idref="t104" attribute="effort" type="real" from="0" resolved="yes"/>
    <change idref="t104" attribute="isSplitChunk" type="real" from="0" resolved="yes"/>
    <change idref="t104" attribute="scheduleType" type="real" from="0" resolved="yes"/>
    <change idref="t104" attribute="noEarlierThanConstraintDate" type="date" from="2024-04-01T05:00:00.000Z" to="2024-06-13T05:00:00.000Z" resolved="yes"/>
    <change idref="t104" attribute="internalAssignments" type="string" from="" resolved="yes"/>
    <change idref="t104" attribute="isSplitTask" type="real" from="0" resolved="yes"/>
    <change idref="t104" attribute="internalEffortDone" type="real" from="0" resolved="yes"/>
    <change idref="t163" to="t104" to-position="0" resolved="yes">
      <change idref="t163" attribute="noEarlierThanConstraintDate" type="date" to="2024-06-13T05:00:00.000Z"/>
      <change idref="t163" attribute="title" type="string" to="Управление примечаниями к выпуску и документацией версий "/>
    </change>
    <change idref="t164" to="t104" to-position="1" resolved="yes">
      <change idref="t164" attribute="internalPrerequisitesString" type="string" from="" to="163FS"/>
      <change idref="t164" attribute="noEarlierThanConstraintDate" type="date" to="2024-06-14T05:00:00.000Z"/>
      <change idref="t164" attribute="title" type="string" to="Координация обновлений ПО и патчей "/>
    </change>
    <change idref="t165" to="t104" to-position="2" resolved="yes">
      <change idref="t165" attribute="internalPrerequisitesString" type="string" from="" to="164FS"/>
      <change idref="t165" attribute="noEarlierThanConstraintDate" type="date" to="2024-06-17T05:00:00.000Z"/>
      <change idref="t165" attribute="title" type="string" to="Мониторинг производительности системы после выпуска "/>
    </change>
    <change idref="t166" to="t104" to-position="3" resolved="yes">
      <change idref="t166" attribute="internalPrerequisitesString" type="string" from="" to="165FS"/>
      <change idref="t166" attribute="noEarlierThanConstraintDate" type="date" to="2024-06-18T05:00:00.000Z"/>
      <change idref="t166" attribute="title" type="string" to="Коммуникация с заинтересованными сторонами о текущих выпусках"/>
    </change>
    <change idref="t167" to="t104" to-position="4" resolved="yes">
      <change idref="t167" attribute="internalPrerequisitesString" type="string" from="" to="166FS"/>
      <change idref="t167" attribute="noEarlierThanConstraintDate" type="date" to="2024-06-19T05:00:00.000Z"/>
      <change idref="t167" attribute="title" type="string" to="Сбор отзывов и их учет в дальнейшем планировании "/>
    </change>
    <change idref="t105" attribute="isGroup" type="real" from="0" to="1" resolved="yes"/>
    <change idref="t105" attribute="multiResourceWorkType" type="real" from="0" resolved="yes"/>
    <change idref="t105" attribute="isSplittableTask" type="real" from="1" resolved="yes"/>
    <change idref="t105" attribute="internalPrerequisitesString" type="string" from="" to="104FS" resolved="yes"/>
    <change idref="t105" attribute="taskType" type="real" from="0" to="2" resolved="yes"/>
    <change idref="t105" attribute="resourceAssignmentType" type="real" from="0" resolved="yes"/>
    <change idref="t105" attribute="staticCost" type="real" from="0" resolved="yes"/>
    <change idref="t105" attribute="effort" type="real" from="28800" resolved="yes"/>
    <change idref="t105" attribute="isSplitChunk" type="real" from="0" resolved="yes"/>
    <change idref="t105" attribute="scheduleType" type="real" from="0" resolved="yes"/>
    <change idref="t105" attribute="noEarlierThanConstraintDate" type="date" from="2024-04-01T05:00:00.000Z" to="2024-06-20T05:00:00.000Z" resolved="yes"/>
    <change idref="t105" attribute="internalAssignments" type="string" from="" resolved="yes"/>
    <change idref="t105" attribute="isSplitTask" type="real" from="0" resolved="yes"/>
    <change idref="t105" attribute="internalEffortDone" type="real" from="0" resolved="yes"/>
    <change idref="t168" to="t105" to-position="0" resolved="yes">
      <change idref="t168" attribute="noEarlierThanConstraintDate" type="date" to="2024-06-20T05:00:00.000Z"/>
      <change idref="t168" attribute="title" type="string" to="Разработка дорожной карты поддержки и технического обслуживания "/>
    </change>
    <change idref="t169" to="t105" to-position="1" resolved="yes">
      <change idref="t169" attribute="internalPrerequisitesString" type="string" from="" to="168FS"/>
      <change idref="t169" attribute="noEarlierThanConstraintDate" type="date" to="2024-06-21T05:00:00.000Z"/>
      <change idref="t169" attribute="title" type="string" to="Создание службы помощи и процедур устранения неисправностей "/>
    </change>
    <change idref="t170" to="t105" to-position="2" resolved="yes">
      <change idref="t170" attribute="internalPrerequisitesString" type="string" from="" to="169FS"/>
      <change idref="t170" attribute="noEarlierThanConstraintDate" type="date" to="2024-06-24T05:00:00.000Z"/>
      <change idref="t170" attribute="title" type="string" to="Внедрение процесса непрерывного улучшения "/>
    </change>
    <change idref="t171" to="t105" to-position="3" resolved="yes">
      <change idref="t171" attribute="internalPrerequisitesString" type="string" from="" to="170FS"/>
      <change idref="t171" attribute="noEarlierThanConstraintDate" type="date" to="2024-06-25T05:00:00.000Z"/>
      <change idref="t171" attribute="title" type="string" to="Взаимодействие с пользовательским сообществом "/>
    </change>
    <change idref="t172" to="t105" to-position="4" resolved="yes">
      <change idref="t172" attribute="internalPrerequisitesString" type="string" from="" to="171FS"/>
      <change idref="t172" attribute="noEarlierThanConstraintDate" type="date" to="2024-06-26T05:00:00.000Z"/>
      <change idref="t172" attribute="title" type="string" to="Стратегии управления рисками на долгосрочный период "/>
    </change>
    <change idref="t106" attribute="isGroup" type="real" from="0" to="1" resolved="yes"/>
    <change idref="t106" attribute="multiResourceWorkType" type="real" from="0" resolved="yes"/>
    <change idref="t106" attribute="isSplittableTask" type="real" from="1" resolved="yes"/>
    <change idref="t106" attribute="internalPrerequisitesString" type="string" from="" to="105FS" resolved="yes"/>
    <change idref="t106" attribute="taskType" type="real" from="0" to="2" resolved="yes"/>
    <change idref="t106" attribute="resourceAssignmentType" type="real" from="0" resolved="yes"/>
    <change idref="t106" attribute="staticCost" type="real" from="0" resolved="yes"/>
    <change idref="t106" attribute="effort" type="real" from="3600" resolved="yes"/>
    <change idref="t106" attribute="isSplitChunk" type="real" from="0" resolved="yes"/>
    <change idref="t106" attribute="scheduleType" type="real" from="0" resolved="yes"/>
    <change idref="t106" attribute="noEarlierThanConstraintDate" type="date" from="2024-04-01T05:00:00.000Z" to="2024-06-27T05:00:00.000Z" resolved="yes"/>
    <change idref="t106" attribute="internalAssignments" type="string" from="" resolved="yes"/>
    <change idref="t106" attribute="isSplitTask" type="real" from="0" resolved="yes"/>
    <change idref="t106" attribute="internalEffortDone" type="real" from="0" resolved="yes"/>
    <change idref="t173" to="t106" to-position="0" resolved="yes">
      <change idref="t173" attribute="noEarlierThanConstraintDate" type="date" to="2024-06-27T05:00:00.000Z"/>
      <change idref="t173" attribute="title" type="string" to="Сбор проектной документации и подготовка окончательного отчета "/>
    </change>
    <change idref="t174" to="t106" to-position="1" resolved="yes">
      <change idref="t174" attribute="internalPrerequisitesString" type="string" from="" to="173FS"/>
      <change idref="t174" attribute="noEarlierThanConstraintDate" type="date" to="2024-06-28T05:00:00.000Z"/>
      <change idref="t174" attribute="title" type="string" to="Проведение послепроектного обзора "/>
    </change>
    <change idref="t175" to="t106" to-position="2" resolved="yes">
      <change idref="t175" attribute="internalPrerequisitesString" type="string" from="" to="174FS"/>
      <change idref="t175" attribute="noEarlierThanConstraintDate" type="date" to="2024-07-01T05:00:00.000Z"/>
      <change idref="t175" attribute="title" type="string" to="Освобождение ресурсов и персонала проекта "/>
    </change>
    <change idref="t176" to="t106" to-position="3" resolved="yes">
      <change idref="t176" attribute="internalPrerequisitesString" type="string" from="" to="175FS"/>
      <change idref="t176" attribute="noEarlierThanConstraintDate" type="date" to="2024-07-02T05:00:00.000Z"/>
      <change idref="t176" attribute="title" type="string" to="Празднование достижений и признание заслуг команды "/>
    </change>
    <change idref="t177" to="t106" to-position="4" resolved="yes">
      <change idref="t177" attribute="internalPrerequisitesString" type="string" from="" to="176FS"/>
      <change idref="t177" attribute="noEarlierThanConstraintDate" type="date" to="2024-07-03T05:00:00.000Z"/>
      <change idref="t177" attribute="title" type="string" to="Официальное закрытие проекта и процедуры архивирования "/>
    </change>
    <change idref="t107" attribute="isGroup" type="real" from="0" to="1" resolved="yes"/>
    <change idref="t107" attribute="multiResourceWorkType" type="real" from="0" resolved="yes"/>
    <change idref="t107" attribute="isSplittableTask" type="real" from="1" resolved="yes"/>
    <change idref="t107" attribute="internalPrerequisitesString" type="string" from="" to="106FS" resolved="yes"/>
    <change idref="t107" attribute="taskType" type="real" from="0" to="2" resolved="yes"/>
    <change idref="t107" attribute="resourceAssignmentType" type="real" from="0" resolved="yes"/>
    <change idref="t107" attribute="staticCost" type="real" from="0" resolved="yes"/>
    <change idref="t107" attribute="effort" type="real" from="28800" resolved="yes"/>
    <change idref="t107" attribute="isSplitChunk" type="real" from="0" resolved="yes"/>
    <change idref="t107" attribute="scheduleType" type="real" from="0" resolved="yes"/>
    <change idref="t107" attribute="noEarlierThanConstraintDate" type="date" from="2024-04-01T05:00:00.000Z" to="2024-07-04T05:00:00.000Z" resolved="yes"/>
    <change idref="t107" attribute="internalAssignments" type="string" from="" resolved="yes"/>
    <change idref="t107" attribute="isSplitTask" type="real" from="0" resolved="yes"/>
    <change idref="t107" attribute="internalEffortDone" type="real" from="0" resolved="yes"/>
    <change idref="t178" to="t107" to-position="0" resolved="yes">
      <change idref="t178" attribute="noEarlierThanConstraintDate" type="date" to="2024-07-04T05:00:00.000Z"/>
      <change idref="t178" attribute="title" type="string" to="Планирование будущих обновлений и эволюции системы "/>
    </change>
    <change idref="t179" to="t107" to-position="1" resolved="yes">
      <change idref="t179" attribute="internalPrerequisitesString" type="string" from="" to="178FS"/>
      <change idref="t179" attribute="noEarlierThanConstraintDate" type="date" to="2024-07-05T05:00:00.000Z"/>
      <change idref="t179" attribute="title" type="string" to="Оценка новых технологий и тенденций рынка "/>
    </change>
    <change idref="t180" to="t107" to-position="2" resolved="yes">
      <change idref="t180" attribute="internalPrerequisitesString" type="string" from="" to="179FS"/>
      <change idref="t180" attribute="noEarlierThanConstraintDate" type="date" to="2024-07-08T05:00:00.000Z"/>
      <change idref="t180" attribute="title" type="string" to="Оценка воздействия на устойчивость "/>
    </change>
    <change idref="t181" to="t107" to-position="3" resolved="yes">
      <change idref="t181" attribute="internalPrerequisitesString" type="string" from="" to="180FS"/>
      <change idref="t181" attribute="noEarlierThanConstraintDate" type="date" to="2024-07-09T05:00:00.000Z"/>
      <change idref="t181" attribute="title" type="string" to="Создание плана непрерывной деятельности "/>
    </change>
    <change idref="t182" to="t107" to-position="4" resolved="yes">
      <change idref="t182" attribute="internalPrerequisitesString" type="string" from="" to="181FS"/>
      <change idref="t182" attribute="noEarlierThanConstraintDate" type="date" to="2024-07-10T05:00:00.000Z"/>
      <change idref="t182" attribute="title" type="string" to="Вовлечение заинтересованных сторон в будущие проектные возможности."/>
    </change>
  </task-change-set>
  <task-change-set user="Андрей Захаров" date="2024-03-28T13:32:44.189Z" timestamp="2024-03-28T13:32:44.189Z">
    <change idref="t90" attribute="noEarlierThanConstraintDate" type="date" from="2024-04-04T05:00:00.000Z" to="2024-05-30T05:00:00.000Z" resolved="yes"/>
    <change idref="t91" attribute="noEarlierThanConstraintDate" type="date" from="2024-04-11T05:00:00.000Z" to="2024-06-24T05:00:00.000Z" resolved="yes"/>
    <change idref="t92" attribute="noEarlierThanConstraintDate" type="date" from="2024-04-18T05:00:00.000Z" to="2024-07-30T05:00:00.000Z" resolved="yes"/>
    <change idref="t93" attribute="noEarlierThanConstraintDate" type="date" from="2024-04-25T05:00:00.000Z" to="2024-09-27T05:00:00.000Z" resolved="yes"/>
    <change idref="t108" attribute="effort" type="real" from="28800" to="288000" resolved="yes"/>
    <change idref="t109" attribute="effort" type="real" from="28800" to="144000" resolved="yes"/>
    <change idref="t109" attribute="noEarlierThanConstraintDate" type="date" from="2024-03-29T05:15:00.000Z" to="2024-04-11T05:00:00.000Z" resolved="yes"/>
    <change idref="t110" attribute="effort" type="real" from="28800" to="144000" resolved="yes"/>
    <change idref="t110" attribute="noEarlierThanConstraintDate" type="date" from="2024-04-01T05:15:00.000Z" to="2024-04-18T05:00:00.000Z" resolved="yes"/>
    <change idref="t111" attribute="effort" type="real" from="28800" to="288000" resolved="yes"/>
    <change idref="t111" attribute="noEarlierThanConstraintDate" type="date" from="2024-04-02T05:15:00.000Z" to="2024-04-25T05:00:00.000Z" resolved="yes"/>
    <change idref="t112" attribute="effort" type="real" from="28800" to="432000" resolved="yes"/>
    <change idref="t112" attribute="noEarlierThanConstraintDate" type="date" from="2024-04-03T05:15:00.000Z" to="2024-05-09T05:00:00.000Z" resolved="yes"/>
    <change idref="t113" attribute="effort" type="real" from="28800" to="86400" resolved="yes"/>
    <change idref="t113" attribute="noEarlierThanConstraintDate" type="date" from="2024-04-04T05:00:00.000Z" to="2024-05-30T07:00:00.000Z" resolved="yes"/>
    <change idref="t114" attribute="effort" type="real" from="28800" to="86400" resolved="yes"/>
    <change idref="t114" attribute="noEarlierThanConstraintDate" type="date" from="2024-04-05T05:00:00.000Z" to="2024-06-04T07:00:00.000Z" resolved="yes"/>
    <change idref="t115" attribute="effort" type="real" from="28800" to="86400" resolved="yes"/>
    <change idref="t115" attribute="noEarlierThanConstraintDate" type="date" from="2024-04-08T05:00:00.000Z" to="2024-06-07T07:00:00.000Z" resolved="yes"/>
    <change idref="t116" attribute="effort" type="real" from="28800" to="86400" resolved="yes"/>
    <change idref="t116" attribute="noEarlierThanConstraintDate" type="date" from="2024-04-09T05:00:00.000Z" to="2024-06-12T07:00:00.000Z" resolved="yes"/>
    <change idref="t117" attribute="effort" type="real" from="28800" to="144000" resolved="yes"/>
    <change idref="t117" attribute="noEarlierThanConstraintDate" type="date" from="2024-04-10T05:00:00.000Z" to="2024-06-17T07:00:00.000Z" resolved="yes"/>
    <change idref="t118" attribute="effort" type="real" from="28800" to="144000" resolved="yes"/>
    <change idref="t118" attribute="noEarlierThanConstraintDate" type="date" from="2024-04-11T05:00:00.000Z" to="2024-06-24T05:00:00.000Z" resolved="yes"/>
    <change idref="t119" attribute="effort" type="real" from="28800" to="288000" resolved="yes"/>
    <change idref="t119" attribute="noEarlierThanConstraintDate" type="date" from="2024-04-12T05:00:00.000Z" to="2024-07-01T05:00:00.000Z" resolved="yes"/>
    <change idref="t120" attribute="effort" type="real" from="28800" to="86400" resolved="yes"/>
    <change idref="t120" attribute="noEarlierThanConstraintDate" type="date" from="2024-04-15T05:00:00.000Z" to="2024-07-15T05:00:00.000Z" resolved="yes"/>
    <change idref="t121" attribute="effort" type="real" from="28800" to="86400" resolved="yes"/>
    <change idref="t121" attribute="noEarlierThanConstraintDate" type="date" from="2024-04-16T05:00:00.000Z" to="2024-07-18T05:00:00.000Z" resolved="yes"/>
    <change idref="t122" attribute="effort" type="real" from="28800" to="144000" resolved="yes"/>
    <change idref="t122" attribute="noEarlierThanConstraintDate" type="date" from="2024-04-17T05:00:00.000Z" to="2024-07-23T05:00:00.000Z" resolved="yes"/>
    <change idref="t123" attribute="effort" type="real" from="28800" to="288000" resolved="yes"/>
    <change idref="t123" attribute="noEarlierThanConstraintDate" type="date" from="2024-04-18T05:00:00.000Z" to="2024-07-30T05:00:00.000Z" resolved="yes"/>
    <change idref="t124" attribute="effort" type="real" from="28800" to="288000" resolved="yes"/>
    <change idref="t124" attribute="noEarlierThanConstraintDate" type="date" from="2024-04-19T05:00:00.000Z" to="2024-08-13T05:00:00.000Z" resolved="yes"/>
    <change idref="t125" attribute="effort" type="real" from="28800" to="432000" resolved="yes"/>
    <change idref="t125" attribute="noEarlierThanConstraintDate" type="date" from="2024-04-22T05:00:00.000Z" to="2024-08-27T05:00:00.000Z" resolved="yes"/>
    <change idref="t126" attribute="effort" type="real" from="28800" to="86400" resolved="yes"/>
    <change idref="t126" attribute="noEarlierThanConstraintDate" type="date" from="2024-04-23T05:00:00.000Z" to="2024-09-17T05:00:00.000Z" resolved="yes"/>
    <change idref="t127" attribute="effort" type="real" from="28800" to="144000" resolved="yes"/>
    <change idref="t127" attribute="noEarlierThanConstraintDate" type="date" from="2024-04-24T05:00:00.000Z" to="2024-09-20T05:00:00.000Z" resolved="yes"/>
    <change idref="t128" attribute="effort" type="real" from="28800" to="288000" resolved="yes"/>
    <change idref="t128" attribute="noEarlierThanConstraintDate" type="date" from="2024-04-25T05:00:00.000Z" to="2024-09-30T05:00:00.000Z" resolved="yes"/>
    <change idref="t129" attribute="effort" type="real" from="28800" to="576000" resolved="yes"/>
    <change idref="t129" attribute="noEarlierThanConstraintDate" type="date" from="2024-04-26T05:00:00.000Z" to="2024-10-14T05:00:00.000Z" resolved="yes"/>
    <change idref="t130" attribute="effort" type="real" from="28800" to="86400" resolved="yes"/>
    <change idref="t130" attribute="noEarlierThanConstraintDate" type="date" from="2024-04-29T05:00:00.000Z" to="2024-11-11T05:00:00.000Z" resolved="yes"/>
    <change idref="t131" attribute="effort" type="real" from="28800" to="86400" resolved="yes"/>
    <change idref="t131" attribute="noEarlierThanConstraintDate" type="date" from="2024-04-30T05:00:00.000Z" to="2024-11-14T05:00:00.000Z" resolved="yes"/>
    <change idref="t132" attribute="effort" type="real" from="28800" to="576000" resolved="yes"/>
    <change idref="t132" attribute="noEarlierThanConstraintDate" type="date" from="2024-05-01T05:00:00.000Z" to="2024-11-19T05:00:00.000Z" resolved="yes"/>
  </task-change-set>
  <task-change-set user="Андрей Захаров" date="2024-03-28T14:26:13.340Z" timestamp="2024-03-28T14:26:13.340Z">
    <change idref="t88" attribute="noEarlierThanConstraintDate" type="date" from="2024-05-02T05:00:00.000Z" to="2024-12-18T05:00:00.000Z" resolved="yes"/>
    <change idref="t89" attribute="noEarlierThanConstraintDate" type="date" from="2024-06-06T05:00:00.000Z" to="2027-02-26T05:00:00.000Z" resolved="yes"/>
    <change idref="t94" attribute="noEarlierThanConstraintDate" type="date" from="2024-05-02T05:00:00.000Z" to="2024-12-18T05:00:00.000Z" resolved="yes"/>
    <change idref="t95" attribute="noEarlierThanConstraintDate" type="date" from="2024-05-09T05:00:00.000Z" to="2025-07-11T05:00:00.000Z" resolved="yes"/>
    <change idref="t96" attribute="noEarlierThanConstraintDate" type="date" from="2024-05-16T05:00:00.000Z" to="2026-02-16T05:00:00.000Z" resolved="yes"/>
    <change idref="t97" attribute="noEarlierThanConstraintDate" type="date" from="2024-05-23T05:00:00.000Z" to="2026-08-24T05:00:00.000Z" resolved="yes"/>
    <change idref="t98" attribute="noEarlierThanConstraintDate" type="date" from="2024-05-30T05:00:00.000Z" to="2026-12-16T05:00:00.000Z" resolved="yes"/>
    <change idref="t99" attribute="noEarlierThanConstraintDate" type="date" from="2024-06-06T05:00:00.000Z" to="2027-03-01T05:00:00.000Z" resolved="yes"/>
    <change idref="t104" attribute="noEarlierThanConstraintDate" type="date" from="2024-06-13T05:00:00.000Z" to="2027-05-25T05:00:00.000Z" resolved="yes"/>
    <change idref="t105" attribute="noEarlierThanConstraintDate" type="date" from="2024-06-20T05:00:00.000Z" to="2027-07-16T05:00:00.000Z" resolved="yes"/>
    <change idref="t106" attribute="noEarlierThanConstraintDate" type="date" from="2024-06-27T05:00:00.000Z" to="2027-09-22T05:00:00.000Z" resolved="yes"/>
    <change idref="t107" attribute="noEarlierThanConstraintDate" type="date" from="2024-07-04T05:00:00.000Z" to="2027-11-19T05:00:00.000Z" resolved="yes"/>
    <change idref="t133" attribute="effort" type="real" from="28800" to="1296000" resolved="yes"/>
    <change idref="t133" attribute="noEarlierThanConstraintDate" type="date" from="2024-05-02T05:00:00.000Z" to="2024-12-19T05:00:00.000Z" resolved="yes"/>
    <change idref="t134" attribute="effort" type="real" from="28800" to="720000" resolved="yes"/>
    <change idref="t134" attribute="noEarlierThanConstraintDate" type="date" from="2024-05-03T05:00:00.000Z" to="2025-02-20T05:00:00.000Z" resolved="yes"/>
    <change idref="t135" attribute="effort" type="real" from="28800" to="576000" resolved="yes"/>
    <change idref="t135" attribute="noEarlierThanConstraintDate" type="date" from="2024-05-06T05:00:00.000Z" to="2025-03-27T05:00:00.000Z" resolved="yes"/>
    <change idref="t136" attribute="effort" type="real" from="28800" to="720000" resolved="yes"/>
    <change idref="t136" attribute="noEarlierThanConstraintDate" type="date" from="2024-05-07T05:00:00.000Z" to="2025-04-24T05:00:00.000Z" resolved="yes"/>
    <change idref="t137" attribute="effort" type="real" from="28800" to="864000" resolved="yes"/>
    <change idref="t137" attribute="noEarlierThanConstraintDate" type="date" from="2024-05-08T05:00:00.000Z" to="2025-05-29T05:00:00.000Z" resolved="yes"/>
    <change idref="t138" attribute="effort" type="real" from="28800" to="432000" resolved="yes"/>
    <change idref="t138" attribute="noEarlierThanConstraintDate" type="date" from="2024-05-09T05:00:00.000Z" to="2025-07-11T05:00:00.000Z" resolved="yes"/>
    <change idref="t139" attribute="effort" type="real" from="28800" to="1440000" resolved="yes"/>
    <change idref="t139" attribute="noEarlierThanConstraintDate" type="date" from="2024-05-10T05:00:00.000Z" to="2025-08-01T05:00:00.000Z" resolved="yes"/>
    <change idref="t140" attribute="effort" type="real" from="28800" to="864000" resolved="yes"/>
    <change idref="t140" attribute="noEarlierThanConstraintDate" type="date" from="2024-05-13T05:00:00.000Z" to="2025-10-10T05:00:00.000Z" resolved="yes"/>
    <change idref="t141" attribute="effort" type="real" from="28800" to="864000" resolved="yes"/>
    <change idref="t141" attribute="noEarlierThanConstraintDate" type="date" from="2024-05-14T05:00:00.000Z" to="2025-11-21T05:00:00.000Z" resolved="yes"/>
    <change idref="t142" attribute="effort" type="real" from="28800" to="864000" resolved="yes"/>
    <change idref="t142" attribute="noEarlierThanConstraintDate" type="date" from="2024-05-15T05:00:00.000Z" to="2026-01-02T05:00:00.000Z" resolved="yes"/>
    <change idref="t143" attribute="effort" type="real" from="28800" to="288000" resolved="yes"/>
    <change idref="t143" attribute="noEarlierThanConstraintDate" type="date" from="2024-05-16T05:00:00.000Z" to="2026-02-17T05:00:00.000Z" resolved="yes"/>
    <change idref="t144" attribute="effort" type="real" from="28800" to="1008000" resolved="yes"/>
    <change idref="t144" attribute="noEarlierThanConstraintDate" type="date" from="2024-05-17T05:00:00.000Z" to="2026-03-03T05:00:00.000Z" resolved="yes"/>
    <change idref="t145" attribute="effort" type="real" from="28800" to="864000" resolved="yes"/>
    <change idref="t145" attribute="noEarlierThanConstraintDate" type="date" from="2024-05-20T05:00:00.000Z" to="2026-04-21T05:00:00.000Z" resolved="yes"/>
    <change idref="t146" attribute="effort" type="real" from="28800" to="1152000" resolved="yes"/>
    <change idref="t146" attribute="noEarlierThanConstraintDate" type="date" from="2024-05-21T05:00:00.000Z" to="2026-06-02T05:00:00.000Z" resolved="yes"/>
    <change idref="t147" attribute="effort" type="real" from="28800" to="576000" resolved="yes"/>
    <change idref="t147" attribute="noEarlierThanConstraintDate" type="date" from="2024-05-22T05:00:00.000Z" to="2026-07-28T05:00:00.000Z" resolved="yes"/>
    <change idref="t148" attribute="effort" type="real" from="28800" to="432000" resolved="yes"/>
    <change idref="t148" attribute="noEarlierThanConstraintDate" type="date" from="2024-05-23T05:00:00.000Z" to="2026-08-26T05:00:00.000Z" resolved="yes"/>
    <change idref="t149" attribute="effort" type="real" from="28800" to="432000" resolved="yes"/>
    <change idref="t149" attribute="noEarlierThanConstraintDate" type="date" from="2024-05-24T05:00:00.000Z" to="2026-09-16T05:00:00.000Z" resolved="yes"/>
    <change idref="t150" attribute="effort" type="real" from="28800" to="288000" resolved="yes"/>
    <change idref="t150" attribute="noEarlierThanConstraintDate" type="date" from="2024-05-27T05:00:00.000Z" to="2026-10-07T05:00:00.000Z" resolved="yes"/>
    <change idref="t151" attribute="effort" type="real" from="28800" to="432000" resolved="yes"/>
    <change idref="t151" attribute="noEarlierThanConstraintDate" type="date" from="2024-05-28T05:00:00.000Z" to="2026-10-21T05:00:00.000Z" resolved="yes"/>
    <change idref="t152" attribute="effort" type="real" from="28800" to="720000" resolved="yes"/>
    <change idref="t152" attribute="noEarlierThanConstraintDate" type="date" from="2024-05-29T05:00:00.000Z" to="2026-11-11T05:00:00.000Z" resolved="yes"/>
    <change idref="t153" attribute="effort" type="real" from="28800" to="144000" resolved="yes"/>
    <change idref="t153" attribute="noEarlierThanConstraintDate" type="date" from="2024-05-30T05:00:00.000Z" to="2026-12-17T05:00:00.000Z" resolved="yes"/>
    <change idref="t154" attribute="effort" type="real" from="28800" to="432000" resolved="yes"/>
    <change idref="t154" attribute="noEarlierThanConstraintDate" type="date" from="2024-05-31T05:00:00.000Z" to="2026-12-24T05:00:00.000Z" resolved="yes"/>
    <change idref="t155" attribute="effort" type="real" from="28800" to="432000" resolved="yes"/>
    <change idref="t155" attribute="noEarlierThanConstraintDate" type="date" from="2024-06-03T05:00:00.000Z" to="2027-01-14T05:00:00.000Z" resolved="yes"/>
    <change idref="t156" attribute="effort" type="real" from="28800" to="288000" resolved="yes"/>
    <change idref="t156" attribute="noEarlierThanConstraintDate" type="date" from="2024-06-04T05:00:00.000Z" to="2027-02-04T05:00:00.000Z" resolved="yes"/>
    <change idref="t157" attribute="effort" type="real" from="28800" to="144000" resolved="yes"/>
    <change idref="t157" attribute="noEarlierThanConstraintDate" type="date" from="2024-06-05T05:00:00.000Z" to="2027-02-18T05:00:00.000Z" resolved="yes"/>
    <change idref="t158" attribute="effort" type="real" from="28800" to="432000" resolved="yes"/>
    <change idref="t158" attribute="noEarlierThanConstraintDate" type="date" from="2024-06-06T05:00:00.000Z" to="2027-03-01T05:00:00.000Z" resolved="yes"/>
    <change idref="t159" attribute="effort" type="real" from="28800" to="144000" resolved="yes"/>
    <change idref="t159" attribute="noEarlierThanConstraintDate" type="date" from="2024-06-07T05:00:00.000Z" to="2027-03-22T05:00:00.000Z" resolved="yes"/>
    <change idref="t160" attribute="effort" type="real" from="28800" to="288000" resolved="yes"/>
    <change idref="t160" attribute="noEarlierThanConstraintDate" type="date" from="2024-06-10T05:00:00.000Z" to="2027-03-29T05:00:00.000Z" resolved="yes"/>
    <change idref="t161" attribute="effort" type="real" from="28800" to="576000" resolved="yes"/>
    <change idref="t161" attribute="noEarlierThanConstraintDate" type="date" from="2024-06-11T05:00:00.000Z" to="2027-04-12T05:00:00.000Z" resolved="yes"/>
    <change idref="t162" attribute="effort" type="real" from="28800" to="288000" resolved="yes"/>
    <change idref="t162" attribute="noEarlierThanConstraintDate" type="date" from="2024-06-12T05:00:00.000Z" to="2027-05-10T05:00:00.000Z" resolved="yes"/>
    <change idref="t163" attribute="effort" type="real" from="28800" to="86400" resolved="yes"/>
    <change idref="t163" attribute="noEarlierThanConstraintDate" type="date" from="2024-06-13T05:00:00.000Z" to="2027-05-25T05:00:00.000Z" resolved="yes"/>
    <change idref="t164" attribute="effort" type="real" from="28800" to="144000" resolved="yes"/>
    <change idref="t164" attribute="noEarlierThanConstraintDate" type="date" from="2024-06-14T05:00:00.000Z" to="2027-05-28T05:00:00.000Z" resolved="yes"/>
    <change idref="t165" attribute="effort" type="real" from="28800" to="288000" resolved="yes"/>
    <change idref="t165" attribute="noEarlierThanConstraintDate" type="date" from="2024-06-17T05:00:00.000Z" to="2027-06-04T05:00:00.000Z" resolved="yes"/>
    <change idref="t166" attribute="effort" type="real" from="28800" to="432000" resolved="yes"/>
    <change idref="t166" attribute="noEarlierThanConstraintDate" type="date" from="2024-06-18T05:00:00.000Z" to="2027-06-18T05:00:00.000Z" resolved="yes"/>
    <change idref="t167" attribute="effort" type="real" from="28800" to="144000" resolved="yes"/>
    <change idref="t167" attribute="noEarlierThanConstraintDate" type="date" from="2024-06-19T05:00:00.000Z" to="2027-07-09T05:00:00.000Z" resolved="yes"/>
    <change idref="t168" attribute="effort" type="real" from="28800" to="288000" resolved="yes"/>
    <change idref="t168" attribute="noEarlierThanConstraintDate" type="date" from="2024-06-20T05:00:00.000Z" to="2027-07-16T05:00:00.000Z" resolved="yes"/>
    <change idref="t169" attribute="effort" type="real" from="28800" to="432000" resolved="yes"/>
    <change idref="t169" attribute="noEarlierThanConstraintDate" type="date" from="2024-06-21T05:00:00.000Z" to="2027-07-30T05:00:00.000Z" resolved="yes"/>
    <change idref="t170" attribute="effort" type="real" from="28800" to="432000" resolved="yes"/>
    <change idref="t170" attribute="noEarlierThanConstraintDate" type="date" from="2024-06-24T05:00:00.000Z" to="2027-08-20T05:00:00.000Z" resolved="yes"/>
    <change idref="t171" attribute="effort" type="real" from="28800" to="86400" resolved="yes"/>
    <change idref="t171" attribute="noEarlierThanConstraintDate" type="date" from="2024-06-25T05:00:00.000Z" to="2027-09-10T05:00:00.000Z" resolved="yes"/>
    <change idref="t172" attribute="effort" type="real" from="28800" to="144000" resolved="yes"/>
    <change idref="t172" attribute="noEarlierThanConstraintDate" type="date" from="2024-06-26T05:00:00.000Z" to="2027-09-15T05:00:00.000Z" resolved="yes"/>
    <change idref="t173" attribute="effort" type="real" from="28800" to="720000" resolved="yes"/>
    <change idref="t173" attribute="noEarlierThanConstraintDate" type="date" from="2024-06-27T05:00:00.000Z" to="2027-09-21T05:00:00.000Z" resolved="yes"/>
    <change idref="t174" attribute="effort" type="real" from="28800" to="288000" resolved="yes"/>
    <change idref="t174" attribute="noEarlierThanConstraintDate" type="date" from="2024-06-28T05:00:00.000Z" to="2027-10-26T05:00:00.000Z" resolved="yes"/>
    <change idref="t175" attribute="effort" type="real" from="28800" to="144000" resolved="yes"/>
    <change idref="t175" attribute="noEarlierThanConstraintDate" type="date" from="2024-07-01T05:00:00.000Z" to="2027-11-09T05:00:00.000Z" resolved="yes"/>
    <change idref="t176" attribute="noEarlierThanConstraintDate" type="date" from="2024-07-02T05:00:00.000Z" to="2027-11-16T05:00:00.000Z" resolved="yes"/>
    <change idref="t177" attribute="noEarlierThanConstraintDate" type="date" from="2024-07-03T05:00:00.000Z" to="2027-11-17T05:00:00.000Z" resolved="yes"/>
    <change idref="t178" attribute="effort" type="real" from="28800" to="288000" resolved="yes"/>
    <change idref="t178" attribute="noEarlierThanConstraintDate" type="date" from="2024-07-04T05:00:00.000Z" to="2027-11-22T05:00:00.000Z" resolved="yes"/>
    <change idref="t179" attribute="effort" type="real" from="28800" to="144000" resolved="yes"/>
    <change idref="t179" attribute="noEarlierThanConstraintDate" type="date" from="2024-07-05T05:00:00.000Z" to="2027-12-06T05:00:00.000Z" resolved="yes"/>
    <change idref="t180" attribute="effort" type="real" from="28800" to="144000" resolved="yes"/>
    <change idref="t180" attribute="noEarlierThanConstraintDate" type="date" from="2024-07-08T05:00:00.000Z" to="2027-12-13T05:00:00.000Z" resolved="yes"/>
    <change idref="t181" attribute="effort" type="real" from="28800" to="144000" resolved="yes"/>
    <change idref="t181" attribute="noEarlierThanConstraintDate" type="date" from="2024-07-09T05:00:00.000Z" to="2027-12-20T05:00:00.000Z" resolved="yes"/>
    <change idref="t182" attribute="effort" type="real" from="28800" to="288000" resolved="yes"/>
    <change idref="t182" attribute="noEarlierThanConstraintDate" type="date" from="2024-07-10T05:00:00.000Z" to="2027-12-27T05:00:00.000Z" resolved="yes"/>
  </task-change-set>
</changelog>
