<?xml version="1.0" encoding="UTF-8"?>
<omniplan xmlns="http://www.omnigroup.com/namespace/OmniPlan/v2" xmlns:opnx="http://www.omnigroup.com/namespace/OmniPlan/v2" file-format-version="2">
  <window x="35" y="79" w="2972" h="1613">
    <editing-scenario>bXQOSWc3yFW</editing-scenario>
    <view>task</view>
    <change-tracking/>
    <status-display>basic</status-display>
    <task-view>
      <split-view-divider-position>477</split-view-divider-position>
      <outline x="0" y="1476" w="477" h="1535">
        <column name="Violations" width="20"/>
        <column name="Notes" width="20"/>
        <column name="Title" width="362"/>
        <column name="Effort" width="70"/>
        <expanded-items idrefs="t91 t67 t96 t88 t59 t18 t107 t92 t97 t89 t105 t19 t48 t93 t98 t60 t94 t86 t49 t40 t61 t99 t90 t106 t95 t87 t41 t20 t104"/>
        <selected-items-at-filter-time idrefs="t165 t21 t141 t116 t30 t22 t31 t166 t23 t142 t117 t40 t15 t32 t24 t41 t33 t167 t25 t118 t50 t42 t143 t34 t26 t51 t18 t43 t168 t35 t60 t144 t27 t52 t120 t19 t44 t119 t36 t61 t28 t53 t70 t169 t45 t62 t145 t37 t54 t121 t29 t46 t170 t63 t38 t55 t72 t47 t171 t146 t64 t81 t56 t122 t48 t39 t73 t90 t65 t82 t57 t49 t74 t147 t66 t91 t123 t83 t58 t172 t75 t67 t92 t84 t59 t76 t173 t148 t93 t124 t68 t100 t77 t69 t94 t86 t174 t78 t149 t125 t95 t150 t101 t87 t79 t96 t88 t175 t126 t151 t97 t102 t89 t98 t176 t127 t152 t99 t103 t177 t153 t128 t104 t178 t129 t154 t130 t105 t179 t180 t155 t131 t106 t181 t156 t107 t132 t182 t157 t133 t108 t158 t183 t134 t109 t110 t184 t159 t135 t160 t111 t136 t161 t112 t137 t162 t113 t138 t163 t114 t164 t139 t115 t140 t20"/>
      </outline>
      <gantt-view x="-52" y="1476" w="2163" h="1535">
        <view-mode>actual</view-mode>
        <dependency-lines/>
        <constraints/>
        <show-project-end/>
        <task-bar-label task-type="group" position="left">
          <key/>
        </task-bar-label>
        <task-bar-label task-type="group" position="center">
          <key/>
        </task-bar-label>
        <task-bar-label task-type="group" position="right">
          <key>Assigned</key>
        </task-bar-label>
        <task-bar-label task-type="milestone" position="left">
          <key/>
        </task-bar-label>
        <task-bar-label task-type="milestone" position="center">
          <key/>
        </task-bar-label>
        <task-bar-label task-type="milestone" position="right">
          <key>Assigned</key>
        </task-bar-label>
        <task-bar-label task-type="task" position="left">
          <key/>
        </task-bar-label>
        <task-bar-label task-type="task" position="center">
          <key/>
        </task-bar-label>
        <task-bar-label task-type="task" position="right">
          <key>Assigned</key>
        </task-bar-label>
        <scale scale-name="Automatic" full-day-width="5.96836">
          <selected/>
        </scale>
        <scale scale-name="Day" full-day-width="1215"/>
        <scale scale-name="Hour" full-day-width="65880"/>
        <scale scale-name="Minute" full-day-width="64800"/>
        <scale scale-name="Month" full-day-width="34.5"/>
        <scale scale-name="Quarter" full-day-width="9.6"/>
        <scale scale-name="Week" full-day-width="162"/>
        <scale scale-name="Year" full-day-width="2.3625"/>
        <offtime-display>none</offtime-display>
      </gantt-view>
    </task-view>
    <resource-view>
      <split-view-divider-position>572</split-view-divider-position>
      <outline x="0" y="0" w="557" h="1376">
        <column name="Notes" width="20"/>
        <column name="Type" width="49"/>
        <column name="Resource" width="408"/>
        <column name="#" width="75"/>
        <expanded-items idrefs="r12"/>
        <selected-items-at-filter-time idrefs="r42 r34 r26 r47 r84 r30 r39 r43 r35 r27 r48 r31 r192 r44 r28 r36 r49 r40 r32 r45 r37 r29 r12 r41 r33 r25 r46 r83"/>
      </outline>
      <timeline x="-169" y="0" w="1978" h="1376">
        <offtime-display>none</offtime-display>
        <show-project-end/>
        <task-bar-label task-type="group" position="left">
          <key>Title</key>
        </task-bar-label>
        <task-bar-label task-type="group" position="center">
          <key/>
        </task-bar-label>
        <task-bar-label task-type="group" position="right">
          <key/>
        </task-bar-label>
        <task-bar-label task-type="milestone" position="left">
          <key>Title</key>
        </task-bar-label>
        <task-bar-label task-type="milestone" position="center">
          <key/>
        </task-bar-label>
        <task-bar-label task-type="milestone" position="right">
          <key>Assigned</key>
        </task-bar-label>
        <task-bar-label task-type="task" position="left">
          <key>Title</key>
        </task-bar-label>
        <task-bar-label task-type="task" position="center">
          <key/>
        </task-bar-label>
        <task-bar-label task-type="task" position="right">
          <key/>
        </task-bar-label>
        <scale scale-name="Automatic" full-day-width="300">
          <selected/>
        </scale>
        <scale scale-name="Day" full-day-width="1215"/>
        <scale scale-name="Hour" full-day-width="65880"/>
        <scale scale-name="Minute" full-day-width="64800"/>
        <scale scale-name="Month" full-day-width="34.5"/>
        <scale scale-name="Quarter" full-day-width="9.6"/>
        <scale scale-name="Week" full-day-width="162"/>
        <scale scale-name="Year" full-day-width="2.3625"/>
      </timeline>
    </resource-view>
    <calendar>
      <split-view-divider-position>290</split-view-divider-position>
      <outline x="0" y="290" w="275" h="1352">
        <column name="Notes" width="20"/>
        <column name="Type" width="49"/>
        <column name="Resource" width="160"/>
        <column name="Custom Work Week" width="20"/>
        <column name="Schedule Exception" width="20"/>
        <expanded-items idrefs="r12"/>
      </outline>
    </calendar>
    <network-view>
      <network-view>
        <task-table-style>Title
Start:
End:
Effort:</task-table-style>
        <milestone-table-style>Title
End</milestone-table-style>
        <group-table-style>Title
Start:
End:</group-table-style>
      </network-view>
    </network-view>
  </window>
  <project>
    <next-task-id>185</next-task-id>
    <next-resource-id>343</next-resource-id>
    <scenario id="bXQOSWc3yFW" name="Actual" filename="Actual.xml"/>
    <date-display dates="true" times="true" seconds="false"/>
    <numbering-style>wbs</numbering-style>
    <critical-path-slack>0</critical-path-slack>
    <currency-format>1 234,56 RUB</currency-format>
    <duration-format hours-per-day="8" hours-per-week="40" hours-per-month="160" hours-per-year="1920" hours="true" days="true" weeks="true"/>
    <effort-format hours-per-day="8" hours-per-week="40" hours-per-month="160" hours-per-year="1920" hours="true" days="true" weeks="true"/>
    <base-style>
      <style/>
    </base-style>
    <column-title-style>
      <style>
        <value key="font-name">HelveticaNeue-Medium</value>
        <value key="font-size">12</value>
        <value key="font-weight">6</value>
        <value key="paragraph-alignment">center</value>
      </style>
    </column-title-style>
    <note-style>
      <style>
        <value key="font-fill">
          <color space="gg22" w="0.409218"/>
        </value>
        <value key="font-size">12</value>
      </style>
    </note-style>
    <standard-task-style>
      <style/>
    </standard-task-style>
    <overdue-task-style>
      <style/>
    </overdue-task-style>
    <completed-task-style>
      <style/>
    </completed-task-style>
    <group-task-style>
      <style/>
    </group-task-style>
    <milestone-task-style>
      <style/>
    </milestone-task-style>
    <resource-style>
      <style/>
    </resource-style>
    <not-editable-style>
      <style>
        <value key="font-fill">
          <color space="gg22" w="0.409218"/>
        </value>
      </style>
    </not-editable-style>
    <subscribe-refresh>0</subscribe-refresh>
    <leveling>
      <constrains-completion-date/>
    </leveling>
    <page-adornment>
      <master-page-headers>
        <header location="left">
          <text>
            <p>
              <run>
                <lit><cell variable="OPDocumentTitleVariableIdentifier"/></lit>
              </run>
            </p>
          </text>
        </header>
        <header location="right">
          <text>
            <p>
              <run>
                <lit><cell variable="OPPrintJobTimestampVariableIdentifier"/></lit>
              </run>
            </p>
          </text>
        </header>
        <footer location="left">
          <text>
            <p>
              <run>
                <lit><cell variable="OPDocumentFilenameVariableIdentifier"/></lit>
              </run>
            </p>
          </text>
        </footer>
        <footer location="right">
          <text>
            <p>
              <run>
                <lit><cell variable="OPPageNumberVariableIdentifier"/></lit>
              </run>
            </p>
          </text>
        </footer>
      </master-page-headers>
    </page-adornment>
    <publishing-client client-identifier="hdAOIG8QZXb" document-identifier="787"/>
  </project>
</omniplan>
